{
	"matrix": [
		[
			608.8378252934776,
			0.0,
			315.5031629272766
		],
		[
			0.0,
			607.2547346228133,
			236.7173821834019
		],
		[
			0.0,
			0.0,
			1.0
		]
	],
	"distortion": [
		[
			-0.4550475207727961,
			0.23533312963318667,
			0.0021158291837916274,
			0.0008357308325875321,
			-0.019911492406119405
		]
	],
	"mean_error": 0.024067910862960968,
	"fovx": 0.967821202308787,
	"fovy": 0.7527600479541242
}