{"x":1.86436,"y":0.411411,"heading":-5.71756,"v":-0.936831,"w":0.193596}