{"x":2.11607,"y":-0.124676,"heading":-5.90008,"v":0.11744,"w":-0.973701}