{"x":0.1027,"y":0.0588521,"heading":9.73211,"v":0.0175681,"w":0.879288}