{"x":0.111095,"y":0.0269738,"heading":18.9868,"v":-3.15733e-09,"w":0}