{"x":2.516,"y":-0.16876,"heading":-0.134681,"v":0.305927,"w":-0.0190735}