{"x":0.0856268,"y":0.0175532,"heading":0.133178,"v":0.00073206,"w":0.0108182}