{"x":0.00196737,"y":-0.00214811,"heading":-0.0461454,"v":7.55647e-38,"w":-0.000283122}