{"x":2.65928,"y":-0.575149,"heading":-8.80232,"v":1.05913,"w":-0.44632}