{"x":1.90819,"y":-0.176555,"heading":-5.23611,"v":0.797364,"w":-0.274658}