{"x":0,"y":0,"heading":-9.63723e-05,"v":0,"w":0.00197472}