{"x":2.15507,"y":0.542663,"heading":-6.7331,"v":-0.147858,"w":0.449181}