{"x":0.318209,"y":0.0567173,"heading":0.179058,"v":9.3228e-06,"w":-0.0235736}