{"x":0.00196737,"y":-0.00214811,"heading":-0.0461063,"v":-1.92373e-28,"w":0.000663102}