{"x":0.0186849,"y":-0.329103,"heading":1.47396,"v":1.09613e-06,"w":0.00190735}