{"x":2.24131,"y":-1.58925,"heading":-10.5333,"v":0.0579954,"w":-0.25177}