{"x":1.95356,"y":-0.150484,"heading":-5.79307,"v":-0.26299,"w":0.983238}