{"x":0.0214505,"y":-0.328734,"heading":-1.37314,"v":0.00228881,"w":-0.26536}