{"x":0.0216408,"y":-0.329703,"heading":-1.37963,"v":1.38086e-37,"w":-0.000476837}