{"x":0.0135402,"y":0.000668786,"heading":0.0857818,"v":0.0934693,"w":0.37387}