{"x":0.807047,"y":-0.0120824,"heading":-0.0360828,"v":0.913267,"w":-0.0859201}