{"x":0.0216408,"y":-0.329703,"heading":-1.37964,"v":-5.7738e-39,"w":-0.00190735}