{"x":0.0186849,"y":-0.329103,"heading":1.47402,"v":-1.17087e-36,"w":-0.00357628}