{"x":0.118767,"y":0.0564142,"heading":2.62647,"v":0.0110231,"w":0.968456}