{"x":0.00196737,"y":-0.00214811,"heading":-0.0460921,"v":1.9925e-37,"w":-0.00255555}