{"x":0,"y":0,"heading":-0.00187936,"v":0,"w":0.000569038}