{"x":0.0216408,"y":-0.329703,"heading":-1.37959,"v":-8.98119e-37,"w":0.000953674}