{"x":0.0216384,"y":-0.329738,"heading":-1.29988,"v":7.89336e-37,"w":-0.00333786}