{"x":0.021342,"y":-0.329459,"heading":-0.230292,"v":-0.00374494,"w":0.900388}