{"x":0.0984266,"y":0.0549926,"heading":3.78293,"v":0.0156203,"w":0.977993}