{"x":0,"y":0,"heading":-0.000166643,"v":0,"w":0.00196206}