{"x":0.00196737,"y":-0.00214811,"heading":-0.0461179,"v":8.86125e-36,"w":0.00157952}