{"x":0.0185489,"y":-0.330464,"heading":1.46598,"v":0.0169537,"w":0.0777244}