{"x":0.0216408,"y":-0.329703,"heading":-1.37955,"v":1.25181e-37,"w":0.0064373}