{"x":0.00196737,"y":-0.00214811,"heading":-0.0460985,"v":-3.30717e-36,"w":0.000715256}