{"x":0.00406182,"y":-0.00291188,"heading":-0.238137,"v":-0.00822383,"w":-0.882238}