{"x":0,"y":0,"heading":-0.000156769,"v":0,"w":0.000100525}