{"x":0.0216384,"y":-0.329738,"heading":-1.29987,"v":-6.56998e-37,"w":0.00286102}