{"x":0.0186849,"y":-0.329103,"heading":1.47401,"v":-1.86616e-36,"w":0.000476837}