{"x":0.123537,"y":0.0524349,"heading":2.24578,"v":0.0184819,"w":0.959873}