{"x":0.0216408,"y":-0.329703,"heading":-1.37959,"v":0,"w":0}