{"x":0.0216173,"y":-0.328989,"heading":-1.13518,"v":-0.00663115,"w":-0.889301}