{"x":0.514738,"y":0.127981,"heading":-7.07334,"v":-0.337477,"w":1.07765}