{"x":0.460196,"y":0.171328,"heading":-6.84095,"v":-0.327604,"w":1.12438}