{"x":0.0186849,"y":-0.329103,"heading":1.47398,"v":-5.35388e-38,"w":0}