{"x":0.00196737,"y":-0.00214811,"heading":-0.0460766,"v":5.85382e-37,"w":0.00224262}