{"x":-0.00184458,"y":-0.00163673,"heading":2.059,"v":0.000636579,"w":-0.866413}