{"x":0.00223019,"y":-0.0014195,"heading":-3.0487,"v":-6.30202e-29,"w":0.000953674}