{"x":0.0953806,"y":0.0327703,"heading":5.30961,"v":0.0167481,"w":0.938415}