{"x":0.00249903,"y":-0.00184543,"heading":-2.358,"v":-0.0106975,"w":-0.781059}