{"x":0.00303444,"y":-0.00256054,"heading":-0.48954,"v":-0.00298853,"w":-1.07521}