{"x":0.00196737,"y":-0.00214811,"heading":-0.0461376,"v":-2.79063e-38,"w":0.00292063}