{"x":0.130187,"y":0.0207435,"heading":0.201761,"v":0.156633,"w":0.00694394}