{"x":1.61269,"y":-0.173369,"heading":-9.29128,"v":0.136888,"w":-0.999451}