{"x":0.0978365,"y":0.0193242,"heading":0.144903,"v":-0.0996576,"w":-0.0419915}