{"x":0.0208633,"y":-0.328487,"heading":-0.436116,"v":-0.00281087,"w":-0.797033}