{"x":0.0216408,"y":-0.329703,"heading":-1.37964,"v":1.76818e-36,"w":0}