{"x":0.00196737,"y":-0.00214811,"heading":-0.0461328,"v":-4.50754e-37,"w":-0.00127405}