{"x":0.00280421,"y":-0.00156131,"heading":-2.47419,"v":-7.49118e-05,"w":-0.89407}