{"x":0.00213948,"y":-0.00215602,"heading":-0.0459956,"v":0.00498318,"w":-0.00435859}