{"x":0.00381847,"y":-0.00235306,"heading":-1.82248,"v":0.0052642,"w":0.898838}