{"x":0.600207,"y":0.119851,"heading":-8.15952,"v":0.221979,"w":0.736237}