{"x":0.00100311,"y":-0.000102553,"heading":0.268737,"v":-0.00604036,"w":0.989437}