{"x":0.0216384,"y":-0.329738,"heading":-1.29987,"v":5.31116e-37,"w":-0.000953674}