{"x":0.00244626,"y":-0.00375102,"heading":-1.35796,"v":0.00048655,"w":-0.0593662}