{"x":0.0216384,"y":-0.329738,"heading":-1.29983,"v":-3.45929e-10,"w":-0.00429153}