{"x":0.00196728,"y":-0.0021481,"heading":-0.0461306,"v":3.95034e-06,"w":-0.00143796}