{"x":2.98319,"y":-2.01131,"heading":-9.33027,"v":1.03026,"w":-1.37138}