{"x":0.0213,"y":-0.328659,"heading":-0.140614,"v":0.000801374,"w":-0.926793}