{"x":0.110713,"y":0.0586793,"heading":3.0961,"v":0.016693,"w":1.00136}