{"x":0,"y":0,"heading":-0.000123054,"v":0,"w":-0.000638713}