{"x":0.401308,"y":1.22476,"heading":-10.6921,"v":0.21132,"w":-0.78392}