{"x":0.0216408,"y":-0.329703,"heading":-1.3796,"v":-5.92237e-38,"w":-0.00309944}