{"x":0.00311255,"y":-0.00362354,"heading":-1.78798,"v":0.0063132,"w":0.635147}