{"x":0.00330896,"y":-0.00229297,"heading":-0.475268,"v":0.00121023,"w":0.847638}