{"x":-0.00307782,"y":-0.0369379,"heading":-1.79256,"v":0.0937364,"w":0.0960827}