{"x":2.20738,"y":-0.125907,"heading":-0.325578,"v":0.182311,"w":-0.591636}