{"x":0,"y":0,"heading":-0.00188689,"v":0,"w":0.00130013}