{"x":0.0216408,"y":-0.329703,"heading":-1.37962,"v":-6.8792e-38,"w":-0.000476837}