{"x":0.108994,"y":0.0586708,"heading":3.19208,"v":0.0155087,"w":0.948429}