{"x":0,"y":0,"heading":-9.10976e-05,"v":0,"w":-0.000890635}