{"x":0.0924809,"y":0.0410553,"heading":4.79956,"v":0.0190902,"w":0.899315}