{"x":0,"y":0,"heading":-0.00186124,"v":0,"w":-0.00439305}