{"x":0.125454,"y":0.0361636,"heading":1.18135,"v":0.0115484,"w":0.968218}