{"x":0.00196737,"y":-0.00214811,"heading":-0.0461242,"v":5.56741e-38,"w":0.000573695}