{"x":0.00340857,"y":-0.00233717,"heading":-0.256914,"v":-0.00599644,"w":0.644088}