{"x":0.0216384,"y":-0.329738,"heading":-1.29988,"v":6.88772e-25,"w":0.00309944}