{"x":0.0017058,"y":8.65274e-06,"heading":0.0112414,"v":0.0337626,"w":0.255574}