{"x":0.0186849,"y":-0.329103,"heading":1.47399,"v":5.59897e-36,"w":0.00238419}