{"x":0.271173,"y":0.0478733,"heading":0.189175,"v":0.125318,"w":0.0268817}