{"x":0,"y":0,"heading":-0.00190426,"v":0,"w":0.00149617}