{"x":0.00196737,"y":-0.00214811,"heading":-0.0461503,"v":-9.07801e-38,"w":-0.00371784}