{"x":2.4574,"y":-0.160551,"heading":-0.134395,"v":-0.856496,"w":-0.0130236}