{"x":0.136022,"y":-0.00019879,"heading":-0.00651523,"v":0.55281,"w":-0.0339942}