{"x":0.586786,"y":0.0418209,"heading":-7.88791,"v":0.217444,"w":0.805855}