{"x":0,"y":0,"heading":-9.79634e-05,"v":0,"w":0.00192208}