{"x":2.40203,"y":-1.80446,"heading":-10.1851,"v":0.992132,"w":-1.27029}