{"x":2.15745,"y":-0.0104466,"heading":-6.71129,"v":1.00914,"w":0.198364}