{"x":0,"y":0,"heading":-0.00186554,"v":0,"w":-0.000368338}