{"x":1.76951,"y":-0.444005,"heading":-5.11878,"v":0.150523,"w":-0.167847}