{"x":2.09763,"y":-0.115272,"heading":-6.29543,"v":-0.179737,"w":0.63324}