{"x":2.24038,"y":-1.58737,"heading":-10.5632,"v":-0.000100119,"w":-0.0667572}