{"x":0.00197685,"y":-0.00261646,"heading":-0.132866,"v":-2.60361e-10,"w":0.00411272}