{"x":0.0216384,"y":-0.329738,"heading":-1.29984,"v":5.65444e-37,"w":0}