{"x":1.53249,"y":-0.162174,"heading":-9.89806,"v":0.0497358,"w":-1.06621}