{"x":0.111711,"y":0.059341,"heading":9.21404,"v":0.013892,"w":0.928879}