{"x":0.258947,"y":0.0455428,"heading":0.187684,"v":-1.3871e-07,"w":2.98023e-05}