{"x":1.64275,"y":0.0766826,"heading":-6.66802,"v":0.137731,"w":-0.450134}