{"x":0,"y":0,"heading":-0.00188204,"v":0,"w":-0.00116322}