{"x":0.0216408,"y":-0.329703,"heading":-1.37964,"v":-1.15321e-38,"w":-0.00667572}