{"x":2.11202,"y":-0.126383,"heading":-5.86617,"v":0.116455,"w":-1.00899}