{"x":0.00343924,"y":-0.00255473,"heading":-0.861001,"v":-0.000361893,"w":-0.918627}