{"x":0.00204993,"y":-0.00215192,"heading":-0.0461645,"v":0.00986094,"w":-0.00534207}