{"x":0.121579,"y":0.0537693,"heading":14.7445,"v":0.0201782,"w":0.995636}