{"x":0.0216408,"y":-0.329703,"heading":-1.37963,"v":5.62936e-38,"w":0.0038147}