{"x":0.00196403,"y":-0.00130181,"heading":-1.5006,"v":0.0136409,"w":-0.307322}