{"x":0.00196737,"y":-0.00214811,"heading":-0.0461032,"v":9.38353e-37,"w":0.00156462}