{"x":0.0186498,"y":-0.329467,"heading":1.47425,"v":-0.00023226,"w":-0.00715256}