{"x":0.0186849,"y":-0.329103,"heading":1.47398,"v":-8.09746e-37,"w":0.00166893}