{"x":0.0216408,"y":-0.329703,"heading":-1.37964,"v":1.58994e-37,"w":-0.000238419}