{"x":0.0216408,"y":-0.329703,"heading":-1.3796,"v":4.27265e-38,"w":-0.00166893}