{"x":0.00228524,"y":-0.000828833,"heading":-3.01919,"v":0.0130879,"w":-0.152111}