{"x":0.00223019,"y":-0.0014195,"heading":-3.04869,"v":-2.22568e-25,"w":0.00429153}