{"x":0.00167859,"y":-0.00257402,"heading":-0.123502,"v":-0.00771093,"w":-0.147566}