{"x":2.38156,"y":-1.17754,"heading":-6.97978,"v":1.03846,"w":0.811577}