{"x":-0.00421371,"y":-0.00205162,"heading":3.08346,"v":0.00126679,"w":0.00667572}