{"x":0.0216408,"y":-0.329703,"heading":-1.37956,"v":7.9869e-38,"w":-0.000953674}