{"x":0.00196737,"y":-0.00214811,"heading":-0.0461039,"v":1.41338e-36,"w":-0.000633299}