{"x":0.00234564,"y":-0.00216568,"heading":-0.0467416,"v":0.00044743,"w":-0.00665337}