{"x":1.56561,"y":0.0969231,"heading":-6.40807,"v":0.271503,"w":-0.851631}