{"x":-0.00199898,"y":-0.00246814,"heading":2.88186,"v":-0.00578813,"w":-0.997066}