{"x":0.00300075,"y":-0.0047025,"heading":-1.61159,"v":-2.6752e-14,"w":0.00739098}