{"x":0.00372289,"y":-0.0028784,"heading":-1.36277,"v":-0.00428503,"w":0.836134}