{"x":0.00196737,"y":-0.00214811,"heading":-0.0460958,"v":-1.49525e-25,"w":0.00115484}