{"x":-0.00080594,"y":-0.00251425,"heading":2.42716,"v":0.00900117,"w":0.853062}