{"x":0.00453701,"y":-0.000544799,"heading":-2.44927,"v":0.00205441,"w":-0.918865}