{"x":0,"y":0,"heading":-0.000113662,"v":0,"w":0.000806191}