{"x":0.00270558,"y":-0.00219277,"heading":-0.0718942,"v":-0.0144829,"w":0.261113}