{"x":1.09166,"y":0.668326,"heading":-10.5005,"v":0.898869,"w":0.520706}