{"x":0.00255558,"y":-0.0122805,"heading":-1.75345,"v":0.0454481,"w":-0.458956}