{"x":0.0216408,"y":-0.329703,"heading":-1.37959,"v":-4.4893e-37,"w":-0.00214577}