{"x":-0.00387511,"y":-0.00207133,"heading":3.08631,"v":-0.000423818,"w":0.0152588}