{"x":2.22255,"y":-0.905197,"heading":-8.62669,"v":0.847013,"w":0.844955}