{"x":0.0216384,"y":-0.329738,"heading":-1.29982,"v":1.22384e-37,"w":0.0064373}