{"x":0.111095,"y":0.0269737,"heading":18.9868,"v":-1.50078e-05,"w":0.0038147}