{"x":1.26717,"y":0.720215,"heading":-9.52301,"v":-0.664823,"w":0.751495}