{"x":0.0216408,"y":-0.329703,"heading":-1.37957,"v":3.79805e-37,"w":-0.0026226}