{"x":0.0216408,"y":-0.329703,"heading":-1.37961,"v":-2.82944e-38,"w":0.000953674}