{"x":1.58851,"y":0.0931802,"heading":-6.48278,"v":0.241929,"w":-0.768661}