{"x":0.0216408,"y":-0.329703,"heading":-1.37959,"v":-3.10095e-36,"w":0.0026226}