{"x":1.8832,"y":-0.202619,"heading":-5.45928,"v":-0.0693996,"w":0.51403}