{"x":-0.00186532,"y":-0.00225269,"heading":2.96258,"v":0.0137817,"w":0.181198}