{"x":0.00196737,"y":-0.00214811,"heading":-0.0461338,"v":-2.08304e-12,"w":0.00368804}