{"x":0.0024608,"y":-0.00218914,"heading":-0.635087,"v":-0.00747171,"w":-1.16193}