{"x":0.00244764,"y":-0.00216988,"heading":-0.768981,"v":-0.00178809,"w":-1.05739}