{"x":0.00223019,"y":-0.0014195,"heading":-3.04867,"v":-4.82791e-37,"w":-0.000476837}