{"x":0.00233445,"y":-0.00206283,"heading":-2.12716,"v":-0.000139862,"w":-0.945091}