{"x":3.40305,"y":-1.36155,"heading":-6.22279,"v":1.01924,"w":-0.671387}