{"x":0.116154,"y":0.0586132,"heading":15.2123,"v":0.0192862,"w":1.06239}