{"x":0.0216384,"y":-0.329738,"heading":-1.29989,"v":8.94859e-37,"w":-0.0038147}