{"x":0.00196737,"y":-0.00214811,"heading":-0.0461377,"v":3.66651e-38,"w":0.00051409}