{"x":0.00196737,"y":-0.00214811,"heading":-0.0461569,"v":-4.12924e-22,"w":-0.00546128}