{"x":0.0216408,"y":-0.329703,"heading":-1.38131,"v":3.04928e-07,"w":0.00119209}