{"x":0.0185627,"y":-0.330354,"heading":1.44403,"v":-0.000360171,"w":0.110626}