{"x":1.58612,"y":-0.174593,"heading":-9.4663,"v":0.166868,"w":-0.88501}