{"x":0.00198468,"y":-0.00214889,"heading":-0.0451171,"v":0.00159329,"w":0.00330061}