{"x":0,"y":0,"heading":-0.00185104,"v":0,"w":-0.00179769}