{"x":2.23942,"y":0.406517,"heading":-5.6041,"v":0.00520129,"w":-0.0228882}