{"x":0.126403,"y":0.0467743,"heading":1.8037,"v":0.0113195,"w":0.951052}