{"x":0,"y":0,"heading":-0.000114779,"v":0,"w":0.000280779}