{"x":0,"y":0,"heading":-0.000133268,"v":0,"w":-0.00482768}