{"x":0.0218214,"y":-0.33039,"heading":-1.30081,"v":0.0092701,"w":0.560999}