{"x":0.00196737,"y":-0.00214811,"heading":-0.0461175,"v":-6.90081e-16,"w":-0.00122935}