{"x":-0.0042411,"y":-0.00205003,"heading":3.08323,"v":1.93593e-37,"w":-0.00190735}