{"x":2.0427,"y":-0.319685,"heading":-4.23847,"v":0.121763,"w":-0.959396}