{"x":0.0216408,"y":-0.329703,"heading":-1.37964,"v":4.4215e-37,"w":-0.00143051}