{"x":0.125141,"y":0.0500279,"heading":2.06751,"v":0.0134324,"w":0.936508}