{"x":0.125624,"y":0.0395629,"heading":7.70965,"v":0.0166998,"w":1.12343}