{"x":0.0231831,"y":-0.33012,"heading":-0.444919,"v":-0.00290835,"w":0.925958}