{"x":0.0216384,"y":-0.329738,"heading":-1.29988,"v":-1.07044e-26,"w":-0.0026226}