{"x":0.0216384,"y":-0.329738,"heading":-1.2999,"v":6.54106e-38,"w":0.00166893}