{"x":0.984121,"y":0.806982,"heading":-9.6082,"v":-0.525603,"w":0.0972748}