{"x":2.1105,"y":-1.05709,"heading":-8.28169,"v":0.127991,"w":0.408173}