{"x":2.24038,"y":-1.58737,"heading":-10.5524,"v":-0.00296416,"w":-0.150681}