{"x":0.0216384,"y":-0.329738,"heading":-1.29983,"v":0,"w":-0.0026226}