{"x":0.0216408,"y":-0.329703,"heading":-1.37949,"v":-9.46937e-10,"w":-0.00429153}