{"x":0.239639,"y":0.0418718,"heading":0.184656,"v":0.170293,"w":0.0597239}