{"x":2.47762,"y":0.615623,"heading":-5.40067,"v":0.822074,"w":-0.0228882}