{"x":0.00307635,"y":-0.00230791,"heading":-2.10949,"v":-0.00869751,"w":-0.929832}