{"x":0.0035848,"y":-0.00223944,"heading":-0.0709246,"v":0.0289547,"w":-0.261605}