{"x":0.004748,"y":-0.000203564,"heading":-2.37354,"v":0.00195639,"w":0.865936}