{"x":-0.00318517,"y":-0.00210944,"heading":3.08423,"v":0.00608802,"w":0.140667}