{"x":0.10079,"y":0.0591057,"heading":16.202,"v":0.0225374,"w":1.07956}