{"x":0.111095,"y":0.0269738,"heading":18.9868,"v":-2.29335e-17,"w":0}