{"x":0,"y":0,"heading":-7.75649e-05,"v":0,"w":-0.00356928}