{"x":0,"y":0,"heading":-0.00194752,"v":0,"w":-0.00469177}