{"x":0.00274624,"y":-0.000822683,"heading":-3.04745,"v":-9.44953e-07,"w":-0.000953674}