{"x":0.0216384,"y":-0.329738,"heading":-1.29988,"v":9.6228e-37,"w":0.000476837}