{"x":2.04035,"y":-0.198977,"heading":-5.12875,"v":0.161439,"w":-1.11008}