{"x":3.02418,"y":-0.191128,"heading":-7.28538,"v":-0.269026,"w":-0.926971}