{"x":0.0934872,"y":0.0365077,"heading":5.06128,"v":0.0180716,"w":0.94223}