{"x":0.0186847,"y":-0.329104,"heading":1.4738,"v":0.00141662,"w":-0.0152588}