{"x":0.0216384,"y":-0.329738,"heading":-1.29986,"v":7.73361e-38,"w":-0.00166893}