{"x":1.70007,"y":0.30419,"heading":-5.70034,"v":-1.04758,"w":-0.0476837}