{"x":0.0799398,"y":0.0106913,"heading":0.185863,"v":0.141051,"w":0.0619888}