{"x":0.00185925,"y":-0.00145423,"heading":-3.04961,"v":4.17503e-08,"w":0.00715256}