{"x":0.0183326,"y":-0.330525,"heading":1.21453,"v":-0.00718834,"w":-0.956058}