{"x":0.0216408,"y":-0.329703,"heading":-1.37962,"v":1.15016e-36,"w":0.00405312}