{"x":-0.00288064,"y":-0.00211926,"heading":3.03826,"v":0.00751234,"w":0.0395775}