{"x":0.00196724,"y":-0.00214811,"heading":-0.0461566,"v":2.30462e-05,"w":0.00321865}