{"x":0.882544,"y":0.44435,"heading":-8.76758,"v":0.945348,"w":0.604629}