{"x":0.00196737,"y":-0.00214811,"heading":-0.0461002,"v":1.69401e-36,"w":0.00100583}