{"x":-0.00804962,"y":-0.187736,"heading":-1.40515,"v":0.101074,"w":0.186682}