{"x":3.0045,"y":-0.155419,"heading":-7.415,"v":-0.176718,"w":-0.549316}