{"x":-0.00182938,"y":-0.00181453,"heading":1.73641,"v":-0.00339019,"w":-0.818014}