{"x":0.0960073,"y":0.0526916,"heading":4.0294,"v":0.00743332,"w":0.971794}