{"x":0.1073,"y":0.0585097,"heading":3.28297,"v":0.022793,"w":0.899315}