{"x":0.0186849,"y":-0.329103,"heading":1.47398,"v":-3.03768e-37,"w":-0.00143051}