{"x":-0.00252201,"y":-0.00214965,"heading":3.01819,"v":-0.00940197,"w":0.187874}