{"x":0.0186849,"y":-0.329103,"heading":1.47399,"v":-2.83468e-36,"w":0.000715256}