{"x":1.42188,"y":-0.00293225,"heading":-10.4823,"v":0.81126,"w":-0.379562}