{"x":-0.000538256,"y":-0.00187055,"heading":1.12593,"v":-0.00181886,"w":0.862598}