{"x":1.30396,"y":0.00299511,"heading":-5.40326,"v":-0.447046,"w":0.868797}