{"x":2.06187,"y":-0.164662,"heading":-5.40521,"v":0.183707,"w":-1.00708}