{"x":0.0216408,"y":-0.329703,"heading":-1.3796,"v":-2.47218e-36,"w":0.00858307}