{"x":0.0240988,"y":-0.327118,"heading":-1.16562,"v":0.031272,"w":0.387192}