{"x":2.05063,"y":-0.111286,"heading":-0.114602,"v":1.04931,"w":-0.0597239}