{"x":0.00166012,"y":-0.000925532,"heading":-3.04464,"v":-2.84006e-05,"w":0.00190735}