{"x":0,"y":0,"heading":-0.00184337,"v":0,"w":0.00203541}