{"x":0.100911,"y":0.0277527,"heading":12.0838,"v":0.0254439,"w":0.94986}