{"x":0.00342422,"y":-0.00204971,"heading":-0.287507,"v":-0.0146037,"w":-1.0516}