{"x":0.0987679,"y":0.0570201,"heading":9.97936,"v":0.0182002,"w":0.818253}