{"x":-0.00232409,"y":-0.00217133,"heading":2.99469,"v":0.00462925,"w":0.284195}