{"x":0.00276387,"y":-0.00082104,"heading":-3.04862,"v":-0.0010987,"w":-0.0123978}