{"x":0.00196737,"y":-0.00214811,"heading":-0.0461169,"v":-5.1523e-10,"w":0.00211596}