{"x":0.0211049,"y":-0.32867,"heading":-0.829781,"v":0.00378988,"w":-0.58198}