{"x":-0.0042411,"y":-0.00205003,"heading":3.08328,"v":1.86267e-36,"w":-0.000953674}