{"x":0.00296035,"y":-0.00134711,"heading":-2.95279,"v":-0.00303944,"w":0.672817}