{"x":0.0852568,"y":0.0175041,"heading":0.131617,"v":-1.55286e-07,"w":-0.000685453}