{"x":1.55948,"y":-0.171205,"heading":-9.63963,"v":0.129271,"w":-0.87738}