{"x":0.318188,"y":0.0567135,"heading":0.179632,"v":-0.001301,"w":-0.0455677}