{"x":1.17877,"y":0.6245,"heading":-8.98603,"v":0.960177,"w":0.488281}