{"x":0.0185414,"y":-0.330514,"heading":0.922671,"v":-0.000231908,"w":0.854254}