{"x":0.0216384,"y":-0.329738,"heading":-1.29986,"v":5.44661e-38,"w":-0.00309944}