{"x":0.108964,"y":0.0606515,"heading":15.5954,"v":0.00575453,"w":0.63324}