{"x":0.533967,"y":1.05668,"heading":-9.975,"v":0.239216,"w":-0.69046}