{"x":0.00380206,"y":-0.00300228,"heading":-1.3091,"v":-0.000413965,"w":-0.678778}