{"x":0.00196737,"y":-0.00214811,"heading":-0.046105,"v":-5.37618e-33,"w":-0.00163168}