{"x":0.0186849,"y":-0.329103,"heading":1.47395,"v":-6.32215e-39,"w":0.00572205}