{"x":0.0186849,"y":-0.329103,"heading":1.47401,"v":-3.56458e-33,"w":0.000238419}