{"x":0.114242,"y":0.0581797,"heading":2.91276,"v":0.0261462,"w":0.967503}