{"x":-0.000781062,"y":-0.00278339,"heading":0.120394,"v":2.80815e-11,"w":-0.00357628}