{"x":0.0240839,"y":-0.330613,"heading":-0.563449,"v":-0.0109492,"w":1.07884}