{"x":0.00197685,"y":-0.00261646,"heading":-0.132855,"v":2.16233e-15,"w":-0.000834465}