{"x":-0.00248279,"y":-0.00313172,"heading":0.308913,"v":0.0122505,"w":-0.734329}