{"x":0.0186849,"y":-0.329103,"heading":1.47397,"v":1.75517e-36,"w":0.00572205}