{"x":0.00185975,"y":-0.00145418,"heading":-3.05091,"v":0.00163288,"w":0.0038147}