{"x":0.00196737,"y":-0.00214811,"heading":-0.0461489,"v":-2.67767e-37,"w":0.00377744}