{"x":0.124481,"y":0.0356813,"heading":7.41967,"v":0.0169083,"w":0.946999}