{"x":0.00575328,"y":-0.00106105,"heading":-3.02789,"v":-0.00183931,"w":0.00143051}