{"x":0.00196737,"y":-0.00214811,"heading":-0.0461118,"v":-2.00877e-36,"w":0.00299513}