{"x":0.0216408,"y":-0.329703,"heading":-1.37959,"v":3.59909e-36,"w":-0.00476837}