{"x":3.00246,"y":-0.156678,"heading":-7.70617,"v":-0.0198276,"w":-1.07193}