{"x":0.0216384,"y":-0.329738,"heading":-1.29989,"v":6.35433e-38,"w":-0.00238419}