{"x":0.00196945,"y":-0.00214821,"heading":-0.0461359,"v":0.000731277,"w":-0.00528246}