{"x":2.08078,"y":0.0948033,"heading":-5.31209,"v":1.3484,"w":-0.274658}