{"x":0.0216408,"y":-0.329703,"heading":-1.37962,"v":8.03632e-36,"w":0.000715256}