{"x":0.0216384,"y":-0.329738,"heading":-1.29987,"v":3.74165e-37,"w":0.0038147}