{"x":0.0977435,"y":0.0300111,"heading":18.1804,"v":0.0149444,"w":0.995636}