{"x":0.0983331,"y":0.057457,"heading":16.3913,"v":0.0184082,"w":0.953674}