{"x":0.00196737,"y":-0.00214811,"heading":-0.0461241,"v":-1.45705e-37,"w":0.00278652}