{"x":3.54754,"y":-1.5334,"heading":-8.08479,"v":1.00983,"w":-1.57547}