{"x":0.991726,"y":0.821174,"heading":-10.2942,"v":0.414792,"w":0.741959}