{"x":2.12269,"y":-0.116763,"heading":-6.38953,"v":-0.0449884,"w":0.118256}