{"x":0,"y":0,"heading":-0.000156711,"v":0,"w":-0.00019974}