{"x":0.633202,"y":1.00987,"heading":-9.80078,"v":0.629685,"w":-0.284195}