{"x":0.00367589,"y":-0.00262864,"heading":-1.13021,"v":-0.00172491,"w":0.903368}