{"x":0.00196737,"y":-0.00214811,"heading":-0.0461201,"v":3.97811e-36,"w":0.00287592}