{"x":0.0186849,"y":-0.329103,"heading":1.47398,"v":-1.74475e-36,"w":0.00548363}