{"x":2.58118,"y":0.738259,"heading":-5.42673,"v":0.00143752,"w":-0.00190735}