{"x":0,"y":0,"heading":-8.57669e-05,"v":0,"w":0.00227097}