{"x":0.0186849,"y":-0.329103,"heading":1.47399,"v":6.29898e-37,"w":0.000238419}