{"x":0.0216408,"y":-0.329703,"heading":-1.37957,"v":1.82081e-36,"w":0.00286102}