{"x":2.454,"y":0.605669,"heading":-5.4972,"v":-0.430329,"w":-0.0295639}