{"x":0.0193892,"y":-0.329161,"heading":0.603489,"v":-0.00148566,"w":-0.910401}