{"x":2.51167,"y":0.664002,"heading":-5.48755,"v":-0.414574,"w":-0.0190735}