{"x":0.00223019,"y":-0.0014195,"heading":-3.04872,"v":-1.1896e-33,"w":0}