{"x":0.0216384,"y":-0.329738,"heading":-1.29987,"v":8.91529e-37,"w":0.00309944}