{"x":0.0186849,"y":-0.329103,"heading":1.47395,"v":-2.40215e-37,"w":0.00572205}