{"x":0,"y":0,"heading":-0.00193016,"v":0,"w":-0.000566477}