{"x":0.225416,"y":0.0397731,"heading":0.174719,"v":-0.149922,"w":-0.0788569}