{"x":-0.000721089,"y":-0.00251293,"heading":2.08864,"v":0.000617866,"w":0.827312}