{"x":0.00210621,"y":-0.0021438,"heading":-0.0822281,"v":-0.00659772,"w":0.106886}