{"x":2.12824,"y":-0.955907,"heading":-7.86186,"v":-0.3798,"w":1.1425}