{"x":0.0938288,"y":0.0491566,"heading":4.29755,"v":0.0183871,"w":0.963211}