{"x":0,"y":0,"heading":-9.35237e-05,"v":0,"w":0.000810265}