{"x":-0.0042411,"y":-0.00205003,"heading":3.08317,"v":-3.26632e-36,"w":-0.00190735}