{"x":0.00335586,"y":-0.00724649,"heading":-1.70367,"v":0.0351545,"w":-0.339508}