{"x":0.00165982,"y":-0.000925561,"heading":-3.04429,"v":3.80658e-18,"w":0.00333786}