{"x":0.432919,"y":0.186531,"heading":-6.74189,"v":-0.3221,"w":1.13392}