{"x":2.57937,"y":0.736182,"heading":-5.43287,"v":-0.0371648,"w":-0.220299}