{"x":2.3335,"y":0.446339,"heading":-6.42447,"v":-0.0395756,"w":-0.963211}