{"x":1.70458,"y":-0.11749,"heading":-8.46492,"v":0.0908479,"w":-0.930786}