{"x":0.587727,"y":0.00866491,"heading":-7.74096,"v":0.113213,"w":0.87738}