{"x":-0.0138389,"y":-0.135305,"heading":-1.5271,"v":0.104235,"w":0.317574}