{"x":0.0923156,"y":0.0492483,"heading":16.9324,"v":0.0196191,"w":0.984192}