{"x":0.0216408,"y":-0.329703,"heading":-1.37959,"v":-4.76343e-37,"w":-0.00286102}