{"x":2.21252,"y":-0.399526,"heading":-2.92091,"v":0.132828,"w":-1.01614}