{"x":-0.00122582,"y":-0.00241598,"heading":2.30281,"v":0.00766357,"w":-0.945091}