{"x":0.00196737,"y":-0.00214811,"heading":-0.0461298,"v":1.14405e-36,"w":-0.00277907}