{"x":1.27125,"y":-0.0431616,"heading":-5.26795,"v":0.19318,"w":-0.7267}