{"x":0.00196737,"y":-0.00214811,"heading":-0.0461192,"v":1.18049e-36,"w":-0.000283122}