{"x":0.00237009,"y":-0.00338642,"heading":-1.36839,"v":-0.00135202,"w":-0.00977516}