{"x":0.0216408,"y":-0.329703,"heading":-1.37957,"v":4.13085e-38,"w":-0.00548363}