{"x":0.0216384,"y":-0.329738,"heading":-1.29983,"v":-9.66704e-38,"w":0.00214577}