{"x":0.0216408,"y":-0.329703,"heading":-1.3796,"v":6.56786e-19,"w":-0.00190735}