{"x":0.0216384,"y":-0.329738,"heading":-1.29983,"v":7.26392e-37,"w":-0.00452995}