{"x":2.32152,"y":-0.143461,"heading":-0.124288,"v":0.84815,"w":-0.0821799}