{"x":0.00384155,"y":-0.00201126,"heading":-2.10909,"v":0.00819615,"w":0.842094}