{"x":-0.0019645,"y":-0.00270577,"heading":1.05058,"v":-0.00560176,"w":-0.83828}