{"x":0.699971,"y":0.870578,"heading":-9.68377,"v":-0.387271,"w":-0.156403}