{"x":1.83662,"y":-0.305725,"heading":-5.19821,"v":0.867328,"w":-0.323296}