{"x":0.0216384,"y":-0.329738,"heading":-1.29985,"v":-1.07279e-29,"w":-0.000715256}