{"x":-0.011376,"y":-0.081188,"heading":-1.70575,"v":0.11679,"w":0.375509}