{"x":0.0186849,"y":-0.329103,"heading":1.47399,"v":-3.14793e-17,"w":0.0026226}