{"x":0.0186849,"y":-0.329103,"heading":1.47398,"v":-7.88947e-37,"w":0.000715256}