{"x":2.11123,"y":-0.115759,"heading":-6.34596,"v":-0.124523,"w":0.535011}