{"x":0.0216384,"y":-0.329738,"heading":-1.29983,"v":-2.61722e-36,"w":-0.00476837}