{"x":0.0186849,"y":-0.329103,"heading":1.47397,"v":-4.29291e-14,"w":-0.00238419}