{"x":-0.0042411,"y":-0.00205003,"heading":3.08322,"v":1.44055e-12,"w":0.00238419}