{"x":0.0926969,"y":0.0452205,"heading":4.54832,"v":0.0223952,"w":0.917435}