{"x":2.132,"y":0.552083,"heading":-6.10685,"v":-0.0695395,"w":1.07098}