{"x":2.68853,"y":-0.204273,"heading":-6.54668,"v":0.976266,"w":0.400543}