{"x":2.45707,"y":-1.23551,"heading":-6.89531,"v":0.995272,"w":0.932693}