{"x":0.00196737,"y":-0.00214811,"heading":-0.0461438,"v":-4.09627e-38,"w":0.000372529}