{"x":-0.00192507,"y":-0.00146592,"heading":1.85261,"v":-0.0108159,"w":-0.813484}