{"x":0.183297,"y":0.0314062,"heading":0.190269,"v":0.171464,"w":-0.0997484}