{"x":0.0216384,"y":-0.329738,"heading":-1.29987,"v":1.06427e-35,"w":0.0038147}