{"x":0.00196737,"y":-0.00214811,"heading":-0.0461643,"v":-3.44488e-37,"w":-0.0018999}