{"x":0.00197685,"y":-0.00261646,"heading":-0.132822,"v":7.58189e-38,"w":-0.00375509}