{"x":2.83379,"y":-2.0096,"heading":-9.53952,"v":0.983831,"w":-1.36185}