{"x":2.61317,"y":-0.181544,"heading":-0.121045,"v":0.127376,"w":0.00791252}