{"x":0.138297,"y":0.0253993,"heading":0.152746,"v":-0.152969,"w":-0.0436008}