{"x":0.0036096,"y":-0.00168358,"heading":-1.4598,"v":-6.16907e-07,"w":-0.00143051}