{"x":0.0216408,"y":-0.329703,"heading":-1.37959,"v":3.11256e-37,"w":0.0038147}