{"x":1.72365,"y":-0.0799387,"heading":-8.18315,"v":0.0938177,"w":-0.959396}