{"x":0.0186849,"y":-0.329103,"heading":1.47398,"v":2.63137e-36,"w":0.00190735}