{"x":-0.00606481,"y":-0.050741,"heading":-1.77531,"v":0.101808,"w":0.12207}