{"x":0.851006,"y":0.276214,"heading":-6.0416,"v":1.03408,"w":-0.209808}