{"x":1.67543,"y":0.061008,"heading":-6.80051,"v":0.134037,"w":-0.535011}