{"x":0.417876,"y":1.18309,"heading":-10.5367,"v":0.241437,"w":-0.78392}