{"x":0.0182317,"y":-0.330788,"heading":1.08381,"v":0.00194421,"w":-0.978708}