{"x":0.00197685,"y":-0.00261646,"heading":-0.132856,"v":1.0089e-08,"w":0.00596046}