{"x":0.00468656,"y":-0.000479123,"heading":-2.76497,"v":-0.0058115,"w":-0.809193}