{"x":3.77815,"y":-1.39518,"heading":-6.54253,"v":0.948683,"w":-0.902176}