{"x":1.87243,"y":-0.217315,"heading":-5.29583,"v":-0.0905514,"w":0.448227}