{"x":0.0186849,"y":-0.329103,"heading":1.47398,"v":4.76869e-37,"w":-0.000476837}