{"x":0.00213518,"y":-0.00264811,"heading":-1.72219,"v":-0.0055242,"w":-1.07479}