{"x":0.00223019,"y":-0.0014195,"heading":-3.04871,"v":2.57647e-36,"w":0.00476837}