{"x":0,"y":0,"heading":-0.000101073,"v":0,"w":0.000747546}