{"x":0.124423,"y":0.0488135,"heading":8.23012,"v":0.0193002,"w":0.905991}