{"x":0.018647,"y":-0.329495,"heading":1.47316,"v":0.000867548,"w":0.0441074}