{"x":2.95838,"y":-1.40028,"heading":-6.30264,"v":0.951738,"w":1.00994}