{"x":-0.0042411,"y":-0.00205003,"heading":3.08321,"v":-4.14115e-31,"w":-0.00190735}