{"x":-0.00125845,"y":-0.00236892,"heading":2.93367,"v":-0.00849276,"w":0.434399}