{"x":0.126166,"y":0.0476155,"heading":1.88885,"v":0.00712073,"w":0.767231}