{"x":0.00196737,"y":-0.00214811,"heading":-0.046122,"v":5.31504e-37,"w":-0.00119209}