{"x":0.396306,"y":1.24261,"heading":-10.7512,"v":0.167252,"w":-0.490189}