{"x":0.0216408,"y":-0.329703,"heading":-1.3796,"v":4.2417e-37,"w":0.00119209}