{"x":2.66158,"y":-1.96787,"heading":-9.78445,"v":1.03703,"w":-1.34659}