{"x":0.00196737,"y":-0.00214811,"heading":-0.046137,"v":9.89796e-38,"w":0.000506639}