{"x":0,"y":0,"heading":-0.00183825,"v":0,"w":0.000900822}