{"x":0.0186849,"y":-0.329103,"heading":1.47397,"v":-2.03758e-37,"w":0.000238419}