{"x":0.00299443,"y":-0.00486821,"heading":-1.60842,"v":0.0138075,"w":0.0960827}