{"x":0.004535,"y":-0.00119417,"heading":-3.03548,"v":0.0144349,"w":-0.0548363}