{"x":0.0044763,"y":-0.00115801,"heading":-2.35143,"v":0.00761835,"w":0.882149}