{"x":0.00223019,"y":-0.0014195,"heading":-3.04869,"v":1.24717e-09,"w":-0.00190735}