{"x":0.00223019,"y":-0.0014195,"heading":-3.04871,"v":2.42858e-13,"w":-0.00238419}