{"x":0.29996,"y":0.0533407,"heading":0.185143,"v":0.120589,"w":-0.0297725}