{"x":0,"y":0,"heading":-0.00180282,"v":0,"w":0.00272831}