{"x":0.00197685,"y":-0.00261646,"heading":-0.132853,"v":1.14964e-31,"w":0.00169873}