{"x":0.0216384,"y":-0.329738,"heading":-1.29982,"v":9.15637e-37,"w":-0.000953674}