{"x":0.00223019,"y":-0.0014195,"heading":-3.0487,"v":-2.83745e-11,"w":0.00238419}