{"x":0.0216408,"y":-0.329703,"heading":-1.37962,"v":-8.18913e-37,"w":0.00309944}