{"x":0.104239,"y":0.0270063,"heading":18.6379,"v":0.0129677,"w":0.888824}