{"x":1.89897,"y":-0.187865,"heading":-5.57793,"v":-0.174936,"w":0.709534}