{"x":0.124893,"y":0.044622,"heading":14.2154,"v":0.0116727,"w":0.938415}