{"x":0.0216384,"y":-0.329738,"heading":-1.29988,"v":4.96931e-39,"w":-0.00238419}