{"x":0.00566606,"y":0.000127178,"heading":0.0478723,"v":0.0484627,"w":0.441104}