{"x":2.27005,"y":0.469834,"heading":-6.76326,"v":-0.274896,"w":-0.819206}