{"x":0.0216384,"y":-0.329738,"heading":-1.29983,"v":2.12291e-06,"w":-0.0038147}