{"x":0.0216384,"y":-0.329738,"heading":-1.29984,"v":7.44592e-36,"w":0.00190735}