{"x":0.0216408,"y":-0.329703,"heading":-1.37957,"v":3.55692e-36,"w":0.000953674}