{"x":0.00196737,"y":-0.00214811,"heading":-0.0461628,"v":8.46603e-38,"w":-0.00392646}