{"x":2.34134,"y":-1.73964,"heading":-10.2985,"v":1.04022,"w":-1.26076}