{"x":1.33273,"y":0.0350749,"heading":-5.48327,"v":-0.444029,"w":0.82016}