{"x":0.0216384,"y":-0.329738,"heading":-1.29981,"v":-7.36963e-38,"w":-0.00214577}