{"x":0.0216384,"y":-0.329738,"heading":-1.29988,"v":9.89884e-38,"w":0.000238419}