{"x":-0.000781061,"y":-0.00278339,"heading":0.12043,"v":8.34273e-08,"w":0.000208616}