{"x":0.0186849,"y":-0.329103,"heading":1.47396,"v":-2.40695e-37,"w":0.00286102}