{"x":0.00196737,"y":-0.00214811,"heading":-0.0461045,"v":1.29907e-37,"w":0.00037998}