{"x":0.00165982,"y":-0.000925561,"heading":-3.04431,"v":3.5367e-20,"w":0}