{"x":-0.0042411,"y":-0.00205003,"heading":3.08321,"v":-4.05691e-35,"w":0.000953674}