{"x":0.00223019,"y":-0.0014195,"heading":-3.04869,"v":-1.01263e-35,"w":-0.000476837}