{"x":0.0959074,"y":0.0137814,"heading":0.196059,"v":0.166271,"w":0.0372231}