{"x":2.6931,"y":-1.35593,"heading":-6.60271,"v":0.85074,"w":1.00136}