{"x":2.03133,"y":-0.287823,"heading":-4.50377,"v":0.148433,"w":-0.90313}