{"x":0.00197685,"y":-0.00261646,"heading":-0.132825,"v":-2.59032e-36,"w":-0.00140071}