{"x":1.48855,"y":0.0966947,"heading":-6.15062,"v":0.302166,"w":-1.00422}