{"x":0.00503556,"y":-0.000629452,"heading":-2.609,"v":-0.00634445,"w":0.948906}