{"x":0.00440337,"y":-0.000539256,"heading":-2.92846,"v":0.000808589,"w":-0.452042}