{"x":2.30452,"y":-0.200947,"heading":-1.09432,"v":0.116183,"w":-0.8111}