{"x":0.112418,"y":0.0585263,"heading":3.00288,"v":0.0158803,"w":0.916004}