{"x":2.07429,"y":0.0283799,"heading":-6.72718,"v":0.946265,"w":0.120163}