{"x":2.3812,"y":0.49712,"heading":-5.38761,"v":0.697384,"w":-0.221252}