{"x":0.0216384,"y":-0.329738,"heading":-1.29981,"v":2.21403e-36,"w":-0.000476837}