{"x":0.00504529,"y":-0.000664626,"heading":-2.47581,"v":0.013184,"w":0.986099}