{"x":1.50697,"y":-0.136174,"heading":-10.337,"v":0.285128,"w":-0.490189}