{"x":-0.000800587,"y":-0.0026272,"heading":1.78187,"v":0.0020652,"w":0.85783}