{"x":-0.000781062,"y":-0.00278339,"heading":0.120358,"v":-1.15667e-16,"w":0.00287592}