{"x":0,"y":0,"heading":-0.00182034,"v":0,"w":-0.00715535}