{"x":-0.00995754,"y":-0.175453,"heading":-1.42966,"v":0.101015,"w":0.224352}