{"x":2.77613,"y":-0.226246,"heading":-6.51139,"v":0.963403,"w":0.413895}