{"x":0.0188815,"y":-0.330136,"heading":0.798348,"v":-0.00816002,"w":0.962734}