{"x":0.00249561,"y":-0.00404229,"heading":-1.39212,"v":0.016127,"w":-0.50354}