{"x":3.58176,"y":-1.05124,"heading":-7.83187,"v":0.716612,"w":-0.442505}