{"x":0.00234498,"y":-0.00202713,"heading":-2.00188,"v":-0.00479663,"w":-0.999451}