{"x":0,"y":0,"heading":-8.15393e-05,"v":0,"w":-0.00178961}