{"x":0.0216384,"y":-0.329738,"heading":-1.29984,"v":3.96394e-36,"w":0}