{"x":0.00276819,"y":-0.00187499,"heading":-0.581587,"v":-0.000406408,"w":-0.937343}