{"x":0,"y":0,"heading":-0.000155033,"v":0,"w":-0.00293081}