{"x":0.0216408,"y":-0.329703,"heading":-1.37958,"v":-1.86128e-37,"w":-0.00286102}