{"x":0.0216408,"y":-0.329703,"heading":-1.37959,"v":4.16366e-36,"w":0.00190735}