{"x":1.86587,"y":-0.227757,"heading":-5.25118,"v":-0.151544,"w":0.58651}