{"x":0.00196737,"y":-0.00214811,"heading":-0.0460941,"v":-7.20745e-39,"w":0.00281632}