{"x":0.00249523,"y":-0.00310506,"heading":-1.34547,"v":7.60349e-05,"w":0.00357628}