{"x":0.091289,"y":0.041936,"heading":17.3756,"v":0.0206985,"w":0.953674}