{"x":0.0186849,"y":-0.329103,"heading":1.47398,"v":-1.31687e-37,"w":0}