{"x":0,"y":0,"heading":-0.000159376,"v":0,"w":0.000665808}