{"x":0.404336,"y":1.21824,"heading":-10.6508,"v":-0.282005,"w":0.566482}