{"x":0.0186849,"y":-0.329103,"heading":1.474,"v":1.20991e-15,"w":-0.00214577}