{"x":0.0943827,"y":0.0336961,"heading":11.5798,"v":0.0170872,"w":0.865936}