{"x":0.0216384,"y":-0.329738,"heading":-1.29982,"v":1.12799e-37,"w":-0.00786781}