{"x":0.00311337,"y":-0.00138783,"heading":-2.99866,"v":-0.00212852,"w":-0.399113}