{"x":-0.000781062,"y":-0.00278339,"heading":0.120435,"v":-2.55994e-09,"w":-0.00272691}