{"x":0.183998,"y":0.0327535,"heading":0.164972,"v":-0.14876,"w":-0.0729859}