{"x":0.0216384,"y":-0.329738,"heading":-1.29991,"v":-1.41553e-37,"w":-0.00286102}