{"x":-0.000395039,"y":-0.00162779,"heading":1.00986,"v":-0.00342605,"w":0.729084}