{"x":0,"y":0,"heading":-0.000182793,"v":0,"w":-0.00203136}