{"x":0.0216384,"y":-0.329738,"heading":-1.29989,"v":3.97348e-36,"w":0.00238419}