{"x":2.48251,"y":-0.16422,"heading":-0.135065,"v":0.387618,"w":-0.0168085}