{"x":0.0216384,"y":-0.329738,"heading":-1.29987,"v":1.04869e-37,"w":0.0026226}