{"x":0.0912144,"y":0.0432711,"heading":17.2868,"v":0.0104975,"w":0.938415}