{"x":0.00223019,"y":-0.0014195,"heading":-3.0487,"v":5.16146e-20,"w":-0.00143051}