{"x":0.0935725,"y":0.0347042,"heading":17.8216,"v":0.0211773,"w":0.976562}