{"x":0.00302066,"y":-0.00416249,"heading":-1.62029,"v":-0.00238915,"w":0.137091}