{"x":0.0928908,"y":0.0506553,"heading":16.8443,"v":0.018296,"w":0.919342}