{"x":0.115733,"y":0.0577643,"heading":2.8192,"v":0.00790781,"w":1.02329}