{"x":-0.00913216,"y":-0.0667416,"heading":-1.7431,"v":0.110671,"w":0.257969}