{"x":0.0216384,"y":-0.329738,"heading":-1.29982,"v":1.32606e-36,"w":0.00119209}