{"x":3.09136,"y":-0.26625,"heading":-6.9583,"v":-0.382953,"w":-1.18065}