{"x":0.0216408,"y":-0.329703,"heading":-1.37957,"v":-2.82335e-36,"w":-0.00166893}