{"x":0.120107,"y":0.0308238,"heading":13.3696,"v":0.0188586,"w":1.0128}