{"x":0.00196737,"y":-0.00214811,"heading":-0.0461232,"v":2.17995e-37,"w":0.00089407}