{"x":0.0185439,"y":-0.330483,"heading":1.37916,"v":0.00233452,"w":0.315428}