{"x":0.00379874,"y":-0.00297728,"heading":-1.37825,"v":-0.00479987,"w":-0.53525}