{"x":2.10859,"y":-0.127968,"heading":-5.83436,"v":0.148463,"w":-1.11008}