{"x":0.00223019,"y":-0.0014195,"heading":-3.04867,"v":-6.46572e-08,"w":-0.0038147}