{"x":0.0216384,"y":-0.329738,"heading":-1.29989,"v":2.15587e-37,"w":-0.0026226}