{"x":0.00196737,"y":-0.00214811,"heading":-0.0461345,"v":-2.30154e-38,"w":0.00242889}