{"x":0.0216384,"y":-0.329738,"heading":-1.2999,"v":-3.22e-37,"w":0.000238419}