{"x":0.0216384,"y":-0.329738,"heading":-1.29986,"v":2.42525e-37,"w":-0.00143051}