{"x":0.00223019,"y":-0.0014195,"heading":-3.04868,"v":-6.97668e-20,"w":-0.000953674}