{"x":0.00241646,"y":-0.00276147,"heading":-1.34553,"v":0.00373433,"w":-0.0638962}