{"x":0.00196737,"y":-0.00214811,"heading":-0.0461277,"v":-2.24079e-38,"w":-0.00125915}