{"x":0.00196737,"y":-0.00214811,"heading":-0.0461047,"v":7.23644e-37,"w":0.0006482}