{"x":0.0216408,"y":-0.329703,"heading":-1.37959,"v":-1.06514e-37,"w":-0.00190735}