{"x":0.0184712,"y":-0.330693,"heading":1.13999,"v":-0.00732031,"w":0.764131}