{"x":-0.0128892,"y":-0.0942814,"heading":-1.66508,"v":0.102233,"w":0.319004}