{"x":0.0923735,"y":0.0377448,"heading":11.3393,"v":0.0151485,"w":0.930786}