{"x":0.0216384,"y":-0.329738,"heading":-1.2999,"v":4.52089e-38,"w":0}