{"x":0.0216408,"y":-0.329703,"heading":-1.37964,"v":-3.91762e-37,"w":-0.00214577}