{"x":0.0216408,"y":-0.329703,"heading":-1.37961,"v":4.0355e-36,"w":-0.00476837}