{"x":1.25041,"y":-0.0825786,"heading":-5.13593,"v":-0.0237793,"w":-0.0133514}