{"x":0.00228318,"y":-0.00199706,"heading":-0.907544,"v":3.93344e-05,"w":-0.917435}