{"x":0.126699,"y":0.0409379,"heading":1.4422,"v":0.0132197,"w":0.9377}