{"x":-0.0042411,"y":-0.00205003,"heading":3.08321,"v":1.34526e-21,"w":-0.00476837}