{"x":0.0216408,"y":-0.329703,"heading":-1.37959,"v":6.87529e-37,"w":-0.000953674}