{"x":0.00197685,"y":-0.00261646,"heading":-0.132823,"v":-1.99949e-38,"w":0.00107288}