{"x":0.10599,"y":0.0607317,"heading":15.7857,"v":0.0137673,"w":1.18637}