{"x":0.0216408,"y":-0.329703,"heading":-1.37961,"v":3.35584e-38,"w":0.00452995}