{"x":2.28024,"y":0.431611,"heading":-5.84487,"v":0.227244,"w":-0.831604}