{"x":0.122461,"y":0.0523681,"heading":14.6548,"v":0.0146737,"w":0.963211}