{"x":0.0018464,"y":6.62822e-05,"heading":-1.3976,"v":0.00414714,"w":-0.563145}