{"x":0.317862,"y":0.0566546,"heading":0.179188,"v":-0.00558306,"w":0.0256002}