{"x":1.76682,"y":-0.45035,"heading":-5.10316,"v":-0.00139718,"w":-0.0619888}