{"x":0.0216384,"y":-0.329738,"heading":-1.29983,"v":1.36282e-38,"w":0.00309944}