{"x":0.119683,"y":0.0560096,"heading":14.9312,"v":0.0129211,"w":1.00327}