{"x":0.00298859,"y":-0.00223838,"heading":-0.177336,"v":-0.00691518,"w":0.568807}