{"x":0.00224561,"y":-0.0020399,"heading":-1.20669,"v":6.89633e-05,"w":-0.657797}