{"x":0.0216384,"y":-0.329738,"heading":-1.29986,"v":-7.80403e-37,"w":0.00405312}