{"x":0.260891,"y":0.0459096,"heading":0.187013,"v":0.0789792,"w":0.0521839}