{"x":0.0936314,"y":0.0520774,"heading":16.7508,"v":0.0246112,"w":0.88501}