{"x":0.00165982,"y":-0.000925561,"heading":-3.04435,"v":6.64996e-08,"w":-0.000476837}