{"x":-0.000781062,"y":-0.00278339,"heading":0.120347,"v":3.62306e-14,"w":-0.00144541}