{"x":0.0216411,"y":-0.329704,"heading":-1.3818,"v":-0.000146438,"w":0.00810623}