{"x":0,"y":0,"heading":-0.00188213,"v":0,"w":0.00463333}