{"x":0.0186849,"y":-0.329103,"heading":1.47396,"v":2.7355e-37,"w":0.00119209}