{"x":0.00357686,"y":-0.00129208,"heading":-2.86147,"v":0.00169842,"w":-0.696182}