{"x":0.0216384,"y":-0.329738,"heading":-1.29988,"v":1.90721e-37,"w":0.00357628}