{"x":0.0912588,"y":0.0444707,"heading":17.2004,"v":0.00943304,"w":0.827789}