{"x":0.00165982,"y":-0.000925561,"heading":-3.04434,"v":3.50216e-14,"w":-0.000476837}