{"x":0.0216408,"y":-0.329703,"heading":-1.37963,"v":-4.09604e-37,"w":0.00452995}