{"x":0.00197685,"y":-0.00261646,"heading":-0.132877,"v":-2.88736e-30,"w":-0.00214577}