{"x":0.0032772,"y":-0.00136369,"heading":-2.94981,"v":0.0186085,"w":-0.422001}