{"x":0.00223019,"y":-0.0014195,"heading":-3.04869,"v":7.78879e-15,"w":-0.00190735}