{"x":0.577836,"y":0.963245,"heading":-10.1302,"v":-0.474195,"w":0.965118}