{"x":0.0216384,"y":-0.329738,"heading":-1.29983,"v":-3.58922e-37,"w":0.00500679}