{"x":0.0216408,"y":-0.329703,"heading":-1.37962,"v":-7.22776e-24,"w":-0.000238419}