{"x":0.104826,"y":0.0221236,"heading":0.331988,"v":0.0483582,"w":0.434697}