{"x":0.0186849,"y":-0.329103,"heading":1.474,"v":-1.09444e-38,"w":-0.00405312}