{"x":1.00925,"y":0.778945,"heading":-9.72077,"v":-0.745911,"w":0.12207}