{"x":0.00197685,"y":-0.00261646,"heading":-0.132859,"v":-1.39435e-23,"w":-0.000625849}