{"x":0.00196737,"y":-0.00214811,"heading":-0.0461232,"v":7.9529e-21,"w":-0.00103563}