{"x":0.097338,"y":0.0301904,"heading":11.8221,"v":0.0163439,"w":0.888824}