{"x":-0.000784404,"y":-0.0027838,"heading":0.12034,"v":0.000520929,"w":-0.00531971}