{"x":2.62791,"y":-0.187218,"heading":-6.5685,"v":0.964925,"w":0.339508}