{"x":0.0186833,"y":-0.329121,"heading":1.47396,"v":8.12355e-05,"w":-0.0128746}