{"x":0.00223019,"y":-0.0014195,"heading":-3.04871,"v":5.03903e-32,"w":-0.000476837}