{"x":0.00196201,"y":-0.00214787,"heading":-0.0456362,"v":5.42749e-06,"w":-0.00149012}