{"x":2.87393,"y":-1.39491,"heading":-6.39149,"v":1.00377,"w":1.01471}