{"x":0.00355982,"y":-0.00243167,"heading":-1.01917,"v":-0.00209266,"w":0.848532}