{"x":0.125894,"y":0.0373852,"heading":1.26785,"v":0.0201652,"w":0.871897}