{"x":2.18134,"y":0.528554,"heading":-6.81832,"v":-0.147437,"w":0.357628}