{"x":-0.00181267,"y":-0.00207263,"heading":1.49719,"v":-0.00448839,"w":-0.796556}