{"x":0.164016,"y":0.0276171,"heading":0.197637,"v":0.183236,"w":-0.0589788}