{"x":0.00196737,"y":-0.00214811,"heading":-0.0461548,"v":8.78652e-37,"w":0.00363588}