{"x":0.00165982,"y":-0.000925561,"heading":-3.04432,"v":-4.09913e-23,"w":0.00429153}