{"x":0.00355849,"y":-0.00159919,"heading":-2.22663,"v":-0.00632958,"w":-0.895977}