{"x":0.515387,"y":1.02585,"heading":-10.2906,"v":-0.48601,"w":0.91362}