{"x":0.0216384,"y":-0.329738,"heading":-1.29985,"v":-2.28117e-36,"w":-0.000953674}