{"x":-0.0042411,"y":-0.00205003,"heading":3.08323,"v":-2.17038e-06,"w":-0.00238419}