{"x":0.397523,"y":1.23908,"heading":-10.7166,"v":-0.205257,"w":0.669479}