{"x":0.00165982,"y":-0.000925561,"heading":-3.04433,"v":5.40621e-36,"w":-0.00333786}