{"x":1.91172,"y":0.107777,"heading":-6.74504,"v":0.984295,"w":-0.0219345}