{"x":-0.0042411,"y":-0.00205003,"heading":3.08319,"v":-1.85218e-37,"w":-0.000953674}