{"x":0.0216408,"y":-0.329703,"heading":-1.37964,"v":-2.04294e-37,"w":0.00143051}