{"x":0.00196737,"y":-0.00214811,"heading":-0.046109,"v":-8.33385e-14,"w":0.00242889}