{"x":0.0216408,"y":-0.329703,"heading":-1.37957,"v":4.61251e-37,"w":0.000953674}