{"x":0.0220684,"y":-0.329665,"heading":-0.336003,"v":-0.00657873,"w":0.816405}