{"x":0.0216408,"y":-0.329703,"heading":-1.37965,"v":-4.60188e-37,"w":-0.00166893}