{"x":0.000206207,"y":-0.00106684,"heading":-3.03347,"v":-0.000154818,"w":-0.0038147}