{"x":0.00165982,"y":-0.000925561,"heading":-3.04429,"v":-4.38099e-12,"w":0.00238419}