{"x":0,"y":0,"heading":-0.000133537,"v":0,"w":0.0024834}