{"x":1.28782,"y":0.718442,"heading":-9.49774,"v":-0.619031,"w":0.87738}