{"x":0,"y":0,"heading":-0.00185145,"v":0,"w":0.00229641}