{"x":1.71198,"y":-0.10581,"heading":-8.36954,"v":0.162266,"w":-1.02425}