{"x":0.0216408,"y":-0.329703,"heading":-1.37961,"v":-1.02863e-35,"w":-0.000238419}