{"x":0.0216408,"y":-0.329703,"heading":-1.37961,"v":-2.38108e-38,"w":0.000476837}