{"x":2.25774,"y":-0.379755,"heading":-2.55896,"v":0.147153,"w":-0.952244}