{"x":0,"y":0,"heading":-9.51563e-05,"v":0,"w":0.00189253}