{"x":0.0216384,"y":-0.329738,"heading":-1.29984,"v":8.62855e-38,"w":-0.00882149}