{"x":1.66389,"y":0.223914,"heading":-6.67666,"v":1.02936,"w":-0.44632}