{"x":1.41122,"y":0.71918,"heading":-9.15545,"v":0.339808,"w":0.469208}