{"x":3.31642,"y":-1.36884,"heading":-6.17954,"v":1.05163,"w":-0.372887}