{"x":-0.00259207,"y":-0.00316005,"heading":0.407734,"v":0.000582601,"w":-0.882685}