{"x":0.317574,"y":0.056602,"heading":0.180454,"v":-0.0207759,"w":0.092864}