{"x":0,"y":0,"heading":-0.00012106,"v":0,"w":0.00135467}