{"x":0.00197685,"y":-0.00261646,"heading":-0.132862,"v":-1.01257e-13,"w":-0.00321865}