{"x":0.585881,"y":0.0139081,"heading":-7.55661,"v":-0.159686,"w":1.01471}