{"x":0.00197685,"y":-0.00261646,"heading":-0.132831,"v":-3.84533e-20,"w":-0.00286102}