{"x":0.0216408,"y":-0.329703,"heading":-1.37961,"v":-5.66455e-13,"w":0.00500679}