{"x":0.0033657,"y":-0.0029007,"heading":-2.00313,"v":0.000273206,"w":0.844002}