{"x":-0.0042411,"y":-0.00205003,"heading":3.0832,"v":6.42224e-38,"w":-0.000953674}