{"x":0.0945568,"y":0.0535018,"heading":16.6566,"v":0.0113835,"w":0.919342}