{"x":0.0216384,"y":-0.329738,"heading":-1.29985,"v":-6.40072e-36,"w":0.00357628}