{"x":0.111095,"y":0.0269738,"heading":18.9868,"v":1.21666e-16,"w":-0.00762939}