{"x":0.00454428,"y":-0.000885655,"heading":-2.74359,"v":-0.00916155,"w":0.962257}