{"x":0,"y":0,"heading":-0.00192807,"v":0,"w":-0.000831671}