{"x":0.0195388,"y":-0.32959,"heading":0.550306,"v":0.00652141,"w":0.883102}