{"x":0.0916852,"y":0.0472712,"heading":10.7774,"v":0.00574027,"w":1.09291}