{"x":0.00194827,"y":-0.00144548,"heading":-3.0484,"v":-0.0014923,"w":0.026226}