{"x":0.0186098,"y":-0.330409,"heading":1.04332,"v":0.000923419,"w":0.837564}