{"x":0.00196737,"y":-0.00214811,"heading":-0.0461363,"v":9.01933e-11,"w":0.00170618}