{"x":-0.0141598,"y":-0.121426,"heading":-1.56998,"v":0.0996469,"w":0.408649}