{"x":1.64663,"y":-0.164503,"heading":-9.02246,"v":0.121122,"w":-1.02997}