{"x":0.00371757,"y":-0.00294734,"heading":-0.985242,"v":0.00705402,"w":-0.862122}