{"x":0.0216408,"y":-0.329703,"heading":-1.37964,"v":-3.71132e-36,"w":-0.0026226}