{"x":0.00301298,"y":-0.00440343,"heading":-1.61173,"v":0.021449,"w":-0.020504}