{"x":1.52609,"y":-0.158242,"heading":-10.1458,"v":-0.00428283,"w":-0.593185}