{"x":3.15196,"y":-0.303196,"heading":-6.70013,"v":-0.16539,"w":-0.609398}