{"x":3.57661,"y":-0.94055,"heading":-7.79277,"v":0.34529,"w":-0.038147}