{"x":2.03627,"y":-0.121042,"heading":-6.08824,"v":-0.246196,"w":0.803947}