{"x":0.0216408,"y":-0.329703,"heading":-1.37964,"v":-2.54254e-36,"w":-0.00214577}