{"x":0.0216408,"y":-0.329703,"heading":-1.37962,"v":-4.81234e-38,"w":0.0026226}