{"x":0,"y":0,"heading":-0.00187771,"v":0,"w":0.00749063}