{"x":0.025231,"y":-0.331448,"heading":-0.700151,"v":-0.00786907,"w":1.06227}