{"x":0.0216384,"y":-0.329738,"heading":-1.29987,"v":-3.47497e-36,"w":0.000476837}