{"x":0.0037995,"y":-0.0035598,"heading":-1.58129,"v":0.00438802,"w":-0.542641}