{"x":0.413935,"y":-0.00303565,"heading":-0.0148049,"v":0.810221,"w":0.0416096}