{"x":-0.00386964,"y":-0.00207163,"heading":3.08535,"v":5.13455e-06,"w":-0.000953674}