{"x":0.0216408,"y":-0.329703,"heading":-1.37958,"v":-1.27998e-37,"w":0.00452995}