{"x":3.7581,"y":-1.31186,"heading":-7.12286,"v":-0.864455,"w":-0.973701}