{"x":-0.00132788,"y":-0.00284931,"heading":0.162753,"v":-0.0112251,"w":-0.437826}