{"x":-0.0042411,"y":-0.00205003,"heading":3.08325,"v":-1.94368e-37,"w":0.00333786}