{"x":0.0216408,"y":-0.329703,"heading":-1.37962,"v":-1.94193e-38,"w":0}