{"x":0.00206769,"y":-0.00214939,"heading":-0.0607344,"v":0.0122654,"w":0.25259}