{"x":0.0216408,"y":-0.329703,"heading":-1.37958,"v":-5.36452e-38,"w":-0.00309944}