{"x":0.0024458,"y":-0.238918,"heading":-1.34341,"v":0.0997489,"w":0.0100136}