{"x":1.51793,"y":-0.149523,"heading":-10.2741,"v":0.12172,"w":-0.612259}