{"x":0.00208306,"y":-0.00165323,"heading":-1.11272,"v":0.00114706,"w":-0.708818}