{"x":0.0186849,"y":-0.329103,"heading":1.47397,"v":1.24704e-37,"w":0.00762939}