{"x":0.00484964,"y":-0.000121762,"heading":-2.51908,"v":-0.00362389,"w":0.917911}