{"x":-0.0042411,"y":-0.00205003,"heading":3.08319,"v":3.77809e-37,"w":-0.00238419}