{"x":0.00197685,"y":-0.00261646,"heading":-0.132885,"v":-3.46876e-07,"w":0.000953674}