{"x":0,"y":0,"heading":-8.29892e-05,"v":0,"w":-0.00124314}