{"x":0.0216384,"y":-0.329738,"heading":-1.29987,"v":7.5826e-38,"w":0.00166893}