{"x":0.00223019,"y":-0.0014195,"heading":-3.04867,"v":-2.10238e-16,"w":0.00143051}