{"x":0.0186476,"y":-0.329489,"heading":1.47449,"v":-2.28671e-05,"w":-0.020504}