{"x":2.42681,"y":0.553507,"heading":-5.39486,"v":0.784789,"w":-0.0581741}