{"x":0.00218072,"y":-0.00243405,"heading":-1.86308,"v":0.00435388,"w":-1.06049}