{"x":0.00374065,"y":-0.00295141,"heading":-1.46789,"v":-0.0026542,"w":0.840902}