{"x":0.00196737,"y":-0.00214811,"heading":-0.0460866,"v":-5.52967e-37,"w":0.00327826}