{"x":0.0186849,"y":-0.329103,"heading":1.47411,"v":7.50629e-37,"w":0.033617}