{"x":0.00231908,"y":-0.00230282,"heading":-1.35865,"v":-0.0176109,"w":-0.188827}