{"x":0.0216408,"y":-0.329703,"heading":-1.37963,"v":-4.23739e-27,"w":-0.000476837}