{"x":0.00185188,"y":-5.61928e-05,"heading":-1.45438,"v":0.00562675,"w":-0.554085}