{"x":0.0186838,"y":-0.329116,"heading":1.47345,"v":1.32552e-05,"w":0.00405312}