{"x":0,"y":0,"heading":-0.00184528,"v":0,"w":-0.00219722}