{"x":0.0209868,"y":-0.328474,"heading":-0.94212,"v":-0.023505,"w":-0.189185}