{"x":0.00223019,"y":-0.0014195,"heading":-3.04868,"v":6.32913e-27,"w":0.000476837}