{"x":0.393953,"y":1.25277,"heading":-10.7649,"v":-0.0997205,"w":0.379562}