{"x":-0.000195874,"y":-0.00133383,"heading":0.916146,"v":-0.00386046,"w":0.824571}