{"x":-0.000809782,"y":-0.0024985,"heading":2.65722,"v":0.00145139,"w":0.880718}