{"x":0.0216408,"y":-0.329703,"heading":-1.3796,"v":-3.06948e-38,"w":-0.00119209}