{"x":-0.0042411,"y":-0.00205003,"heading":3.08322,"v":-2.10333e-36,"w":0.0038147}