{"x":2.00364,"y":0.494888,"heading":-5.77771,"v":-0.686836,"w":0.368118}