{"x":2.52305,"y":0.670351,"heading":-5.41206,"v":0.58831,"w":-0.115395}