{"x":0.0186849,"y":-0.329103,"heading":1.47397,"v":-1.13601e-23,"w":0.00667572}