{"x":0.0222026,"y":-0.330072,"heading":-1.0354,"v":-0.0120158,"w":-0.668049}