{"x":0.0216384,"y":-0.329738,"heading":-1.29986,"v":8.79498e-37,"w":0.00309944}