{"x":0.0216408,"y":-0.329703,"heading":-1.37963,"v":-5.61156e-37,"w":0.00238419}