{"x":0.00196737,"y":-0.00214811,"heading":-0.0461109,"v":5.14845e-36,"w":-0.000633299}