{"x":0.0216106,"y":-0.329545,"heading":-1.38061,"v":0.0144771,"w":-0.0617504}