{"x":0.0216408,"y":-0.329703,"heading":-1.37964,"v":1.3515e-28,"w":-0.0038147}