{"x":2.42901,"y":-0.156688,"heading":-0.136286,"v":-0.933638,"w":-0.0889301}