{"x":0.120849,"y":0.0298053,"heading":0.710101,"v":0.0132255,"w":1.03414}