{"x":1.02839,"y":0.544415,"heading":-8.88048,"v":0.990848,"w":0.597}