{"x":0.00379507,"y":-0.0029475,"heading":-1.42093,"v":0.0072761,"w":-0.282049}