{"x":0.125654,"y":0.048957,"heading":1.97474,"v":0.025213,"w":0.877857}