{"x":2.99912,"y":-0.143419,"heading":-7.52857,"v":0.0421254,"w":-0.851631}