{"x":1.52639,"y":-0.158473,"heading":-10.0811,"v":0.0171386,"w":-0.844955}