{"x":0.00197685,"y":-0.00261646,"heading":-0.132853,"v":-5.32468e-17,"w":0.00077486}