{"x":0.440968,"y":1.14424,"heading":-10.3856,"v":0.236235,"w":-0.806808}