{"x":2.80786,"y":-0.456494,"heading":-8.67985,"v":0.96893,"w":-0.963211}