{"x":0.0216384,"y":-0.329738,"heading":-1.29984,"v":2.06297e-37,"w":-0.000715256}