{"x":0.00300077,"y":-0.00470209,"heading":-1.61177,"v":6.91032e-05,"w":0.0114441}