{"x":0.00260175,"y":-0.000836333,"heading":-3.04768,"v":-0.0126969,"w":-0.00619888}