{"x":0.0216408,"y":-0.329703,"heading":-1.37959,"v":-2.65462e-36,"w":-0.000953674}