{"x":0.0186849,"y":-0.329103,"heading":1.47399,"v":-6.98593e-38,"w":-0.00190735}