{"x":0.104968,"y":0.0262414,"heading":12.3534,"v":0.0115963,"w":0.982284}