{"x":0.0216384,"y":-0.329738,"heading":-1.29989,"v":8.76002e-38,"w":0.00286102}