{"x":0,"y":0,"heading":-0.000115659,"v":0,"w":0.00102597}