{"x":2.24038,"y":-1.58738,"heading":-10.5657,"v":8.17026e-30,"w":0}