{"x":0.0216408,"y":-0.329703,"heading":-1.37961,"v":-2.83369e-37,"w":-0.00405312}