{"x":0.000158009,"y":-0.000925728,"heading":0.793488,"v":-0.00469704,"w":0.899911}