{"x":0.0216384,"y":-0.329738,"heading":-1.29986,"v":3.33186e-36,"w":0.0026226}