{"x":0.0216384,"y":-0.329738,"heading":-1.29981,"v":7.67943e-38,"w":0.00119209}