{"x":-0.0042411,"y":-0.00205003,"heading":3.08321,"v":1.22013e-37,"w":-0.000476837}