{"x":1.30752,"y":0.717268,"heading":-9.47171,"v":-0.601811,"w":0.844955}