{"x":-0.000781062,"y":-0.00278339,"heading":0.120379,"v":-1.12133e-12,"w":0.0038594}