{"x":0.0216384,"y":-0.329738,"heading":-1.29989,"v":7.15165e-37,"w":0.00166893}