{"x":0,"y":0,"heading":-0.000103431,"v":0,"w":0.000634522}