{"x":0.111095,"y":0.0269738,"heading":18.9868,"v":1.34852e-18,"w":0}