{"x":0.00334204,"y":-0.00269503,"heading":-0.357009,"v":-0.00354172,"w":-1.17755}