{"x":0.0216408,"y":-0.329703,"heading":-1.3796,"v":6.83655e-39,"w":-0.00572205}