{"x":0.00196737,"y":-0.00214811,"heading":-0.046101,"v":4.52841e-36,"w":-0.000864267}