{"x":0.00453162,"y":-0.000485187,"heading":-2.10599,"v":-0.00203765,"w":0.833511}