{"x":0,"y":0,"heading":-0.000119556,"v":0,"w":-0.00126968}