{"x":2.2385,"y":0.405767,"heading":-5.60112,"v":-0.000865702,"w":-0.00762939}