{"x":-0.001878,"y":-0.00255447,"heading":1.28308,"v":-0.00213691,"w":-0.839472}