{"x":1.88829,"y":-0.19746,"heading":-5.52071,"v":-0.13273,"w":0.795364}