{"x":2.32436,"y":0.425177,"heading":-5.37695,"v":1.2633,"w":-0.189781}