{"x":0.00197685,"y":-0.00261646,"heading":-0.132855,"v":1.09211e-18,"w":0.000923872}