{"x":0.00449661,"y":-0.00055842,"heading":-2.66413,"v":0.000843754,"w":-0.898361}