{"x":2.13735,"y":-0.395911,"heading":-3.45905,"v":0.113895,"w":-0.943184}