{"x":0.0036096,"y":-0.00168358,"heading":-1.45993,"v":-4.89759e-10,"w":-0.00762939}