{"x":0.00359209,"y":-0.00255152,"heading":-0.785411,"v":-0.00395811,"w":0.931024}