{"x":0.0926235,"y":0.0502553,"heading":10.5977,"v":0.0126514,"w":0.923157}