{"x":0.116868,"y":0.0281971,"heading":13.1187,"v":0.0123354,"w":0.955582}