{"x":3.04281,"y":-0.217358,"heading":-7.18616,"v":-0.318819,"w":-1.17111}