{"x":0,"y":0,"heading":-0.00190824,"v":0,"w":-0.00150013}