{"x":0.0186849,"y":-0.329103,"heading":1.47395,"v":1.51922e-12,"w":-0.00548363}