{"x":-0.00097683,"y":-0.00201261,"heading":1.98599,"v":0.000615375,"w":0.819206}