{"x":0.111091,"y":0.0269732,"heading":18.9869,"v":2.34976e-05,"w":0.00762939}