{"x":0.00165982,"y":-0.000925561,"heading":-3.04431,"v":-2.98115e-22,"w":-0.00190735}