{"x":0.00196737,"y":-0.00214811,"heading":-0.0461275,"v":1.87863e-18,"w":0.00409037}