{"x":2.26988,"y":-0.370842,"heading":-2.45601,"v":0.141946,"w":-0.943184}