{"x":0.0222906,"y":-0.322617,"heading":-1.21289,"v":0.0345247,"w":0.423908}