{"x":0.102039,"y":0.0570275,"heading":3.54265,"v":0.0257745,"w":0.888348}