{"x":0.311531,"y":0.0554966,"heading":0.182547,"v":0.0853412,"w":-0.0806153}