{"x":0.00197685,"y":-0.00261646,"heading":-0.132846,"v":4.70215e-37,"w":-0.002563}