{"x":0.0265277,"y":-0.3327,"heading":-0.856866,"v":-0.00239834,"w":1.14286}