{"x":2.11301,"y":-0.385512,"heading":-3.63108,"v":0.142246,"w":-0.923634}