{"x":0.000333378,"y":-4.94989e-07,"heading":-0.00115501,"v":0.00796634,"w":0.0265967}