{"x":0.00160685,"y":-0.00255279,"heading":0.00495766,"v":0.0109241,"w":-0.722093}