{"x":-0.000791674,"y":-0.00241431,"heading":1.55524,"v":0.00320999,"w":0.833988}