{"x":0.124051,"y":0.0334809,"heading":0.995635,"v":0.00995151,"w":0.98145}