{"x":0.0216384,"y":-0.329738,"heading":-1.29987,"v":0,"w":0.00143051}