{"x":0.126829,"y":0.0425382,"heading":1.53794,"v":0.0154721,"w":0.925302}