{"x":0.102285,"y":0.0598217,"heading":16.1091,"v":0.0109746,"w":0.934601}