{"x":2.5035,"y":-0.148003,"heading":-6.60885,"v":1.0328,"w":0.306129}