{"x":2.31703,"y":-0.819023,"heading":-8.7375,"v":0.949278,"w":0.576019}