{"x":0.0216408,"y":-0.329703,"heading":-1.37962,"v":3.54778e-38,"w":-0.00119209}