{"x":2.31999,"y":-0.2721,"heading":-1.62394,"v":0.182529,"w":-0.926018}