{"x":0,"y":0,"heading":-0.000135428,"v":0,"w":0.00242548}