{"x":-0.000951173,"y":-0.00241403,"heading":2.54481,"v":0.00295903,"w":0.879288}