{"x":0,"y":0,"heading":-0.00195818,"v":0,"w":0.000967178}