{"x":-0.000614102,"y":-0.0262894,"heading":-1.80339,"v":0.0887562,"w":0.0522137}