{"x":0.0018593,"y":-0.00145423,"heading":-3.05006,"v":2.13248e-05,"w":-0.00762939}