{"x":0.0216408,"y":-0.329703,"heading":-1.37959,"v":-5.34124e-38,"w":0.00429153}