{"x":-0.0042411,"y":-0.00205003,"heading":3.08312,"v":7.36072e-36,"w":-0.00238419}