{"x":0.0213615,"y":-0.328313,"heading":-1.32668,"v":-0.00227648,"w":-0.539064}