{"x":0.00196737,"y":-0.00214811,"heading":-0.0461261,"v":1.43335e-36,"w":-0.000596046}