{"x":0.0216384,"y":-0.329738,"heading":-1.29985,"v":4.8889e-38,"w":0.00429153}