{"x":0.00196737,"y":-0.00214811,"heading":-0.0461067,"v":8.64181e-37,"w":0.00154227}