{"x":2.36734,"y":-0.148059,"heading":-0.142224,"v":-0.919019,"w":-0.0956058}