{"x":3.32948,"y":-1.87831,"heading":-8.76745,"v":1.09111,"w":-1.82533}