{"x":3.00172,"y":-0.153178,"heading":-7.98488,"v":0.150713,"w":-1.00517}