{"x":0.00262495,"y":-0.00168479,"heading":-2.60256,"v":-0.00325508,"w":-0.83828}