{"x":0.12681,"y":0.0439345,"heading":1.62956,"v":0.0148556,"w":0.929117}