{"x":0.00416391,"y":-0.00127931,"heading":-1.93009,"v":0.00638908,"w":0.890732}