{"x":0.00352697,"y":-0.00094411,"heading":-1.45896,"v":0.0146261,"w":-0.0662804}