{"x":0.00223019,"y":-0.0014195,"heading":-3.0487,"v":-1.96028e-30,"w":-0.00429153}