{"x":0.0216384,"y":-0.329738,"heading":-1.29986,"v":-9.83889e-38,"w":0.000476837}