{"x":0,"y":0,"heading":-0.00186573,"v":0,"w":-0.00489014}