{"x":0.00141086,"y":-1.89535e-05,"heading":0.141606,"v":-0.0116073,"w":0.912994}