{"x":2.73893,"y":-0.515218,"heading":-8.75312,"v":1.12291,"w":-0.558853}