{"x":0.913298,"y":-0.0164758,"heading":-0.0461855,"v":0.932553,"w":-0.0983626}