{"x":0.314983,"y":0.0561084,"heading":0.190347,"v":-0.0661587,"w":0.0971556}