{"x":0.00196737,"y":-0.00214811,"heading":-0.0461076,"v":-1.95331e-30,"w":7.45058e-05}