{"x":-0.00184785,"y":-0.00162285,"heading":2.17641,"v":0.00532355,"w":-0.898361}