{"x":1.35579,"y":0.0459425,"heading":-5.67794,"v":0.27244,"w":-0.904083}