{"x":0.0216384,"y":-0.329738,"heading":-1.2999,"v":1.40878e-37,"w":0.000476837}