{"x":0.00196737,"y":-0.00214811,"heading":-0.0461229,"v":9.66941e-38,"w":-0.000447035}