{"x":1.48689,"y":-0.108496,"heading":-10.3923,"v":0.448927,"w":-0.486374}