{"x":0.0196841,"y":-0.328987,"heading":0.480705,"v":-0.00413041,"w":-0.888586}