{"x":0.0216408,"y":-0.329703,"heading":-1.37957,"v":-5.60413e-37,"w":-0.00524521}