{"x":0.00260109,"y":-0.00176663,"heading":-0.414734,"v":-0.000156484,"w":-1.00172}