{"x":3.1592,"y":-0.306281,"heading":-6.65913,"v":0.0258675,"w":-0.372887}