{"x":0,"y":0,"heading":-0.000115451,"v":0,"w":-0.00158604}