{"x":0.107531,"y":0.0607612,"heading":15.6754,"v":0.0200459,"w":0.968933}