{"x":0.00225923,"y":-0.0014165,"heading":-3.04899,"v":-8.09972e-06,"w":-0.000953674}