{"x":0.651187,"y":0.911028,"heading":-9.95497,"v":-0.46198,"w":0.900268}