{"x":0.00196737,"y":-0.00214811,"heading":-0.046103,"v":3.98039e-37,"w":-0.00666827}