{"x":2.59736,"y":-1.31764,"heading":-6.7249,"v":0.815123,"w":0.993729}