{"x":0.119236,"y":0.0557511,"heading":8.73146,"v":0.0141393,"w":0.951767}