{"x":0.0216408,"y":-0.329703,"heading":-1.37957,"v":6.92836e-37,"w":-0.000238419}