{"x":0.00300075,"y":-0.0047025,"heading":-1.61192,"v":-2.17772e-10,"w":-0.00166893}