{"x":3.4022,"y":-1.80863,"heading":-8.59543,"v":1.16893,"w":-1.90735}