{"x":0.00237542,"y":-0.00341331,"heading":-1.36729,"v":0.00782972,"w":-0.00905991}