{"x":0,"y":0,"heading":-9.83214e-05,"v":0,"w":-0.00196128}