{"x":0.0216384,"y":-0.329738,"heading":-1.29986,"v":-3.68388e-20,"w":0.00715256}