{"x":0.0216408,"y":-0.329703,"heading":-1.37961,"v":-1.61421e-36,"w":0.000238419}