{"x":0.0216384,"y":-0.329738,"heading":-1.29981,"v":-5.84991e-37,"w":-0.000238419}