{"x":0,"y":0,"heading":-0.00186362,"v":0,"w":0.00169594}