{"x":0.00197685,"y":-0.00261646,"heading":-0.132839,"v":-2.26538e-38,"w":0.00292063}