{"x":0.105711,"y":0.0267501,"heading":18.7301,"v":0.0134254,"w":0.957489}