{"x":0.0216408,"y":-0.329703,"heading":-1.37962,"v":-4.27309e-38,"w":0.000953674}