{"x":0.0202844,"y":-0.329316,"heading":0.179463,"v":0.00661344,"w":0.923425}