{"x":3.03644,"y":-0.275792,"heading":-6.46638,"v":0.823386,"w":-0.304222}