{"x":1.31584,"y":0.0128079,"heading":-5.50506,"v":0.262032,"w":-0.871658}