{"x":0.26818,"y":0.047329,"heading":0.178564,"v":-0.138904,"w":0.000268221}