{"x":0.123885,"y":0.049295,"heading":14.4901,"v":0.0164246,"w":0.804901}