{"x":0.0216384,"y":-0.329738,"heading":-1.29981,"v":4.77013e-37,"w":0.00572205}