{"x":2.11679,"y":-1.04399,"heading":-8.32081,"v":0.193833,"w":0.473022}