{"x":-0.0117679,"y":-0.161165,"heading":-1.45906,"v":0.102212,"w":0.183344}