{"x":0.0216384,"y":-0.329738,"heading":-1.29984,"v":5.89024e-38,"w":0.00214577}