{"x":0,"y":0,"heading":-0.000103168,"v":0,"w":0.0027176}