{"x":0.00449148,"y":-0.00230167,"heading":-0.151592,"v":-0.00425393,"w":-0.860989}