{"x":2.12347,"y":-0.116846,"heading":-6.38985,"v":-0.00100377,"w":-0.0267029}