{"x":2.23423,"y":-0.392434,"heading":-2.73705,"v":0.125141,"w":-0.892639}