{"x":0.124943,"y":0.0432392,"heading":14.1297,"v":0.0108374,"w":0.923157}