{"x":0.515888,"y":1.06859,"heading":-10.0399,"v":0.232878,"w":-0.69046}