{"x":2.12032,"y":-1.02357,"heading":-8.08661,"v":-0.290926,"w":0.902176}