{"x":0,"y":0,"heading":-0.000107418,"v":0,"w":0.00396058}