{"x":-0.000758162,"y":-0.00246095,"heading":1.34402,"v":-0.0102093,"w":0.914097}