{"x":-0.0042411,"y":-0.00205003,"heading":3.0832,"v":-1.37183e-14,"w":0}