{"x":0.0216384,"y":-0.329738,"heading":-1.29988,"v":-3.91468e-13,"w":0.00596046}