{"x":0,"y":0,"heading":-0.000112738,"v":0,"w":0.000232365}