{"x":2.09125,"y":-0.137948,"heading":-5.68724,"v":0.139439,"w":-1.07098}