{"x":0.0216408,"y":-0.329703,"heading":-1.3796,"v":1.09581e-37,"w":0.000476837}