{"x":0.0216384,"y":-0.329738,"heading":-1.29984,"v":-1.37029e-37,"w":0.00357628}