{"x":2.92481,"y":-0.325758,"heading":-8.4668,"v":0.839965,"w":-1.3485}