{"x":0.93562,"y":0.875207,"heading":-10.0733,"v":0.240603,"w":0.793457}