{"x":0.109543,"y":0.0258914,"heading":12.6257,"v":0.0114741,"w":0.91362}