{"x":1.59878,"y":-0.174586,"heading":-9.3816,"v":0.186218,"w":-1.10245}