{"x":0.0186849,"y":-0.329103,"heading":1.474,"v":-7.77236e-27,"w":-0.00357628}