{"x":0.0216382,"y":-0.329737,"heading":-1.29955,"v":0.000149148,"w":-0.0114441}