{"x":0.00196737,"y":-0.00214811,"heading":-0.0460999,"v":5.71745e-38,"w":-0.00242144}