{"x":0.0234146,"y":-0.331993,"heading":-0.98461,"v":0.00464354,"w":-0.0377893}