{"x":0.0186849,"y":-0.329103,"heading":1.474,"v":2.7735e-36,"w":0.000476837}