{"x":0.000212188,"y":-0.00106621,"heading":-3.03693,"v":-0.00174686,"w":-0.179291}