{"x":2.27681,"y":-0.163913,"heading":-0.745595,"v":0.158877,"w":-1.0885}