{"x":0.00408511,"y":-0.000979102,"heading":-2.33421,"v":-0.00556647,"w":-0.850677}