{"x":0.00196737,"y":-0.00214811,"heading":-0.0461603,"v":-0,"w":-0.00736117}