{"x":0.0216384,"y":-0.329738,"heading":-1.29988,"v":-2.03629e-38,"w":0.00190735}