{"x":2.57971,"y":-0.630634,"heading":-8.82503,"v":1.03709,"w":-0.0934601}