{"x":0.0216408,"y":-0.329703,"heading":-1.37958,"v":3.67622e-37,"w":0}