{"x":0.00196737,"y":-0.00214811,"heading":-0.0461283,"v":1.48595e-36,"w":0.00349432}