{"x":0.00520278,"y":-0.250749,"heading":-1.34177,"v":0.101913,"w":-0.0374317}