{"x":0.00196737,"y":-0.00214811,"heading":-0.0461025,"v":2.74164e-37,"w":0.00116229}