{"x":0.0918958,"y":0.0386689,"heading":17.5459,"v":0.0141908,"w":0.843048}