{"x":0.0966319,"y":0.0309695,"heading":18.0962,"v":0.0199846,"w":0.896454}