{"x":2.22393,"y":-0.132054,"heading":-0.387273,"v":0.155506,"w":-0.63175}