{"x":0.00225925,"y":-0.0014165,"heading":-3.04893,"v":0.000635068,"w":0.00190735}