{"x":0.0216408,"y":-0.329703,"heading":-1.37959,"v":2.27193e-38,"w":-0.00405312}