{"x":-0.0042411,"y":-0.00205003,"heading":3.08322,"v":-3.5592e-38,"w":-0.00429153}