{"x":-0.0042411,"y":-0.00205003,"heading":3.0832,"v":3.28221e-32,"w":0}