{"x":0.317946,"y":0.0566697,"heading":0.180215,"v":0.0428964,"w":-0.0438094}