{"x":0.11333,"y":0.0598004,"heading":15.3994,"v":0.0189473,"w":0.972748}