{"x":-0.000684226,"y":-0.00296489,"heading":2.42749,"v":0.00135171,"w":-0.911713}