{"x":0.0216408,"y":-0.329703,"heading":-1.37958,"v":-3.90474e-37,"w":0.00667572}