{"x":0.00196737,"y":-0.00214811,"heading":-0.0461706,"v":6.21095e-37,"w":-0.00136346}