{"x":0.00163301,"y":2.14496e-05,"heading":0.0400432,"v":0.00720233,"w":0.556461}