{"x":0.00196737,"y":-0.00214811,"heading":-0.0461599,"v":-1.08735e-37,"w":0.000402331}