{"x":0.120777,"y":0.0548186,"heading":14.8358,"v":0.0168114,"w":0.995636}