{"x":0.702542,"y":0.280112,"heading":-8.58498,"v":0.696144,"w":0.686645}