{"x":0.0216408,"y":-0.329703,"heading":-1.37962,"v":6.96813e-38,"w":0.00143051}