{"x":0.0216408,"y":-0.329703,"heading":-1.37959,"v":5.77576e-38,"w":0}