{"x":0.122663,"y":0.0534278,"heading":2.34415,"v":0.0151804,"w":0.975132}