{"x":0.0186849,"y":-0.329103,"heading":1.47399,"v":-2.10207e-37,"w":0.00166893}