{"x":0.00376534,"y":-0.00262743,"heading":-1.71222,"v":0.00890908,"w":0.895023}