{"x":0.00866912,"y":-0.265714,"heading":-1.34568,"v":0.10145,"w":-0.0312328}