{"x":0.758707,"y":0.253231,"heading":-6.04041,"v":1.03043,"w":0.113487}