{"x":0.0186849,"y":-0.329103,"heading":1.47395,"v":-2.54171e-08,"w":0.00333786}