{"x":2.00975,"y":-0.0118476,"heading":-5.28747,"v":1.26633,"w":-0.261307}