{"x":0.0647964,"y":0.00795086,"heading":0.171814,"v":0.144731,"w":0.119418}