{"x":1.52534,"y":-0.157537,"heading":-10.1906,"v":0.0440844,"w":-0.431061}