{"x":0.0955867,"y":0.0547947,"heading":16.5665,"v":0.00972254,"w":1.04904}