{"x":0.408406,"y":1.20732,"heading":-10.6284,"v":-0.353061,"w":0.484467}