{"x":0.0216408,"y":-0.329703,"heading":-1.37963,"v":8.81121e-38,"w":0.00238419}