{"x":0.0216408,"y":-0.329703,"heading":-1.37958,"v":-1.35666e-36,"w":0.00452995}