{"x":0.0216408,"y":-0.329703,"heading":-1.37958,"v":-2.51828e-36,"w":-0.00357628}