{"x":0.0036748,"y":-0.00210358,"heading":-1.43251,"v":-0.0145928,"w":-0.130653}