{"x":0.00196737,"y":-0.00214811,"heading":-0.0461333,"v":2.4259e-36,"w":0.00301003}