{"x":0.00196737,"y":-0.00214811,"heading":-0.0461189,"v":7.26183e-37,"w":0.000528991}