{"x":0.111095,"y":0.0269738,"heading":18.9868,"v":-1.37531e-28,"w":-0.0038147}