{"x":0,"y":0,"heading":-0.000148375,"v":0,"w":0.00109654}