{"x":-0.00209742,"y":-0.00281852,"heading":0.785012,"v":0.000371613,"w":-0.841856}