{"x":0.0216384,"y":-0.329738,"heading":-1.29988,"v":3.8462e-36,"w":-0.00858307}