{"x":-0.000281699,"y":-0.226956,"heading":-1.3502,"v":0.100579,"w":0.0348091}