{"x":0.0185304,"y":-0.33057,"heading":1.41479,"v":0.00103855,"w":0.0836849}