{"x":0,"y":0,"heading":-0.00198153,"v":0,"w":0.000100583}