{"x":0.00324375,"y":-0.00225955,"heading":-0.579623,"v":0.00213907,"w":0.905394}