{"x":2.58173,"y":0.738898,"heading":-5.42727,"v":-0.0340082,"w":0.0696182}