{"x":0.111095,"y":0.0269738,"heading":18.9868,"v":-5.18568e-07,"w":-0.00762939}