{"x":0.00197685,"y":-0.00261646,"heading":-0.132847,"v":1.03777e-21,"w":0.00151992}