{"x":0.0216384,"y":-0.329738,"heading":-1.29983,"v":3.19768e-38,"w":-0.000953674}