{"x":0.258969,"y":0.0455471,"heading":0.188733,"v":0.000233602,"w":0.0523627}