{"x":0.1125,"y":0.0171334,"heading":0.200598,"v":0.168109,"w":-0.0564456}