{"x":0.0216408,"y":-0.329703,"heading":-1.37962,"v":-3.31792e-21,"w":-0.00333786}