{"x":0.126437,"y":0.0394088,"heading":1.35744,"v":0.0163729,"w":0.899792}