{"x":-0.00178813,"y":-0.00294238,"heading":0.226485,"v":0.00998664,"w":-0.551879}