{"x":-0.0042411,"y":-0.00205003,"heading":3.0832,"v":8.00073e-28,"w":0.00238419}