{"x":3.56233,"y":-1.44732,"heading":-7.97371,"v":0.907998,"w":-0.839233}