{"x":0,"y":0,"heading":-0.00017397,"v":0,"w":-0.000599219}