{"x":0.307109,"y":0.0545941,"heading":0.188488,"v":-0.0934312,"w":-0.0186563}