{"x":0.00196737,"y":-0.00214811,"heading":-0.0461213,"v":-7.27792e-38,"w":0.00135601}