{"x":2.24038,"y":-1.58738,"heading":-10.5657,"v":5.54614e-11,"w":-0.00572205}