{"x":1.43643,"y":0.725633,"heading":-9.20985,"v":-0.0150855,"w":0.0724792}