{"x":2.18962,"y":-0.119826,"heading":-0.191683,"v":-0.226929,"w":-0.33164}