{"x":3.60077,"y":-1.04533,"heading":-7.56278,"v":-0.747944,"w":-1.19781}