{"x":2.3133,"y":-0.307337,"heading":-1.89543,"v":0.103366,"w":-0.822067}