{"x":0.0186849,"y":-0.329103,"heading":1.47401,"v":-4.08304e-30,"w":-0.000476837}