{"x":0.0216384,"y":-0.329738,"heading":-1.29985,"v":2.51742e-33,"w":0.0026226}