{"x":0.0980023,"y":0.0298093,"heading":5.56291,"v":0.0171638,"w":0.941276}