{"x":0.0216408,"y":-0.329703,"heading":-1.37957,"v":-2.91164e-37,"w":0.000715256}