{"x":0.120125,"y":0.0555602,"heading":2.53923,"v":0.0167486,"w":0.817776}