{"x":-0.000769986,"y":-0.00278206,"heading":0.119294,"v":0.00274992,"w":-0.0414401}