{"x":0.0186476,"y":-0.329489,"heading":1.47498,"v":5.58556e-07,"w":0.0171661}