{"x":0.0216384,"y":-0.329738,"heading":-1.29989,"v":-4.22702e-36,"w":0}