{"x":-0.0042411,"y":-0.00205003,"heading":3.0832,"v":-1.65836e-25,"w":0.00190735}