{"x":0.0186488,"y":-0.329474,"heading":1.47335,"v":-0.00022877,"w":-0.00357628}