{"x":0.00197685,"y":-0.00261646,"heading":-0.132832,"v":1.75461e-36,"w":0.00101328}