{"x":2.33501,"y":0.446178,"heading":-6.32975,"v":0.00397589,"w":-0.890732}