{"x":1.72519,"y":-0.0750326,"heading":-8.13837,"v":0.151335,"w":-0.986099}