{"x":0.0968662,"y":0.0561462,"heading":16.4816,"v":0.020452,"w":0.961304}