{"x":-0.000681022,"y":-0.00220698,"heading":1.23144,"v":-0.00612662,"w":0.831366}