{"x":0,"y":0,"heading":-0.000138191,"v":0,"w":0.000368193}