{"x":0.0187184,"y":-0.328782,"heading":1.46305,"v":0.00392189,"w":-0.338793}