{"x":0.00196737,"y":-0.00214811,"heading":-0.0461164,"v":-1.08736e-38,"w":0.00130385}