{"x":0,"y":0,"heading":-6.75985e-05,"v":0,"w":-0.00313279}