{"x":-0.00186303,"y":-0.00251214,"heading":1.15989,"v":0.000613098,"w":-0.913382}