{"x":1.54136,"y":0.198698,"heading":-5.6868,"v":-0.954257,"w":0.220299}