{"x":0.00343409,"y":-0.00239764,"heading":-0.680831,"v":0.000642613,"w":0.889778}