{"x":2.33176,"y":0.446121,"heading":-6.23103,"v":0.0526895,"w":-0.967979}