{"x":0.00196737,"y":-0.00214811,"heading":-0.0461383,"v":-4.06079e-36,"w":-0.00323355}