{"x":-0.000637968,"y":-0.00258619,"heading":2.75732,"v":0.008221,"w":0.751972}