{"x":2.44384,"y":-0.159074,"heading":-0.130109,"v":0.464,"w":-0.0342429}