{"x":2.17294,"y":-0.116432,"heading":-0.207074,"v":0.00237183,"w":0.0363588}