{"x":2.30999,"y":-0.21268,"heading":-1.17605,"v":0.157507,"w":-0.981808}