{"x":2.53225,"y":-0.170554,"heading":-0.132367,"v":-0.772512,"w":-0.0174046}