{"x":0.0216384,"y":-0.329738,"heading":-1.29986,"v":-1.88762e-37,"w":-0.0038147}