{"x":0.00353394,"y":-0.000668586,"heading":-3.00863,"v":0.0198724,"w":-0.183105}