{"x":0.00292823,"y":-0.0015294,"heading":-2.72402,"v":-0.00736307,"w":-0.837326}