{"x":0.00196737,"y":-0.00214811,"heading":-0.046138,"v":4.8652e-38,"w":0.000588596}