{"x":0.0216408,"y":-0.329703,"heading":-1.37963,"v":-2.31307e-38,"w":0.00500679}