{"x":0.000376624,"y":-5.29781e-07,"heading":0.000175188,"v":-2.34694e-05,"w":0.0155494}