{"x":0.0216408,"y":-0.329703,"heading":-1.37965,"v":2.012e-37,"w":0.0038147}