{"x":1.29898,"y":-0.00522071,"heading":-5.41982,"v":0.246138,"w":-0.883102}