{"x":2.13139,"y":0.552171,"heading":-6.36414,"v":-0.00572259,"w":0.0581741}