{"x":0.0196219,"y":-0.329542,"heading":0.413624,"v":-0.00158463,"w":0.842333}