{"x":0.00196737,"y":-0.00214811,"heading":-0.046129,"v":-2.99196e-38,"w":0.00371784}