{"x":0.00318372,"y":-0.00336131,"heading":-1.90096,"v":0.00284036,"w":0.78249}