{"x":0.0216408,"y":-0.329703,"heading":-1.37963,"v":-4.29972e-36,"w":0.0026226}