{"x":0.0216408,"y":-0.329703,"heading":-1.37961,"v":4.5657e-38,"w":0.00119209}