{"x":-0.00187788,"y":-0.00156764,"heading":1.95771,"v":-0.000449656,"w":-0.785112}