{"x":0.00471405,"y":-0.000232364,"heading":-2.23898,"v":0.00258346,"w":0.880241}