{"x":1.88108,"y":-0.205014,"heading":-5.40303,"v":-0.0204556,"w":0.544548}