{"x":0.00223019,"y":-0.0014195,"heading":-3.04868,"v":5.87498e-24,"w":0.000953674}