{"x":0.0216408,"y":-0.329703,"heading":-1.37959,"v":-7.88224e-38,"w":0.00190735}