{"x":2.0482,"y":-0.329248,"heading":-4.14623,"v":0.0939529,"w":-0.984192}