{"x":0.0012702,"y":-0.0183412,"heading":-1.79847,"v":0.0628843,"w":-0.0743866}