{"x":0,"y":0,"heading":-0.00186027,"v":0,"w":0.00312901}