{"x":2.13263,"y":0.552191,"heading":-6.20646,"v":0.0179787,"w":1.09768}