{"x":0.00265059,"y":-0.00312417,"heading":-1.97219,"v":-1.15555e-05,"w":-0.983}