{"x":0.124846,"y":0.0414467,"heading":14.0431,"v":0.0179804,"w":0.995636}