{"x":0.0216384,"y":-0.329738,"heading":-1.29984,"v":-5.87615e-38,"w":0.000715256}