{"x":0.0186849,"y":-0.329103,"heading":1.47393,"v":3.37423e-36,"w":-0.000715256}