{"x":0.454185,"y":1.12666,"heading":-10.3167,"v":0.250394,"w":-0.778198}