{"x":0.0988565,"y":0.0292123,"heading":18.2696,"v":0.0143963,"w":0.946045}