{"x":0.0186849,"y":-0.329103,"heading":1.47397,"v":-3.81929e-36,"w":0.000953674}