{"x":0,"y":0,"heading":-4.98313e-05,"v":0,"w":-0.00110701}