{"x":0.0216384,"y":-0.329738,"heading":-1.29985,"v":-6.11504e-38,"w":0.000953674}