{"x":3.51601,"y":-1.63032,"heading":-8.2486,"v":1.23721,"w":-1.95122}