{"x":1.78118,"y":-0.41779,"heading":-5.14024,"v":0.472789,"w":-0.267029}