{"x":0.0216408,"y":-0.329703,"heading":-1.37959,"v":-7.30688e-37,"w":0.000715256}