{"x":0.0186849,"y":-0.329103,"heading":1.47399,"v":5.03281e-38,"w":0.00143051}