{"x":0.0216384,"y":-0.329738,"heading":-1.29983,"v":4.78016e-28,"w":0.00619888}