{"x":1.53844,"y":-0.164869,"heading":-9.80463,"v":0.107027,"w":-1.15204}