{"x":-0.000914754,"y":-0.00218961,"heading":1.87912,"v":0.00165267,"w":0.917196}