{"x":-0.00268334,"y":-0.00213733,"heading":3.06458,"v":0.00219817,"w":0.258923}