{"x":0.00196737,"y":-0.00214811,"heading":-0.046125,"v":-1.18434e-38,"w":0.00265986}