{"x":0.00197125,"y":-0.00214829,"heading":-0.046024,"v":-0.000338009,"w":-0.000551343}