{"x":0,"y":0,"heading":-0.00184748,"v":0,"w":0.000230968}