{"x":0.00165982,"y":-0.000925561,"heading":-3.04433,"v":-1.23796e-16,"w":0}