{"x":0.0216384,"y":-0.329738,"heading":-1.29983,"v":9.66721e-37,"w":-0.0026226}