{"x":2.2385,"y":0.405769,"heading":-5.60215,"v":-6.20413e-05,"w":-0.0038147}