{"x":3.91174,"y":-1.44265,"heading":-6.73184,"v":0.412883,"w":-0.891685}