{"x":1.93149,"y":-0.163517,"heading":-5.70822,"v":-0.237401,"w":0.814438}