{"x":0.639972,"y":0.201133,"heading":-8.44528,"v":0.34953,"w":0.69046}