{"x":0.0216408,"y":-0.329703,"heading":-1.37962,"v":-2.93948e-38,"w":0.000238419}