{"x":0.0216408,"y":-0.329703,"heading":-1.37966,"v":-1.64013e-36,"w":0.00715256}