{"x":0.00256961,"y":-0.000847776,"heading":-3.02393,"v":0.0111055,"w":0.197411}