{"x":0.0192195,"y":-0.312922,"heading":-1.31594,"v":0.0436614,"w":0.447512}