{"x":0.0216384,"y":-0.329738,"heading":-1.29985,"v":7.26717e-38,"w":-0.000238419}