{"x":0.00360957,"y":-0.00168331,"heading":-1.45966,"v":-3.08196e-05,"w":0.00286102}