{"x":2.31132,"y":0.442793,"heading":-6.03662,"v":0.126497,"w":-1.07574}