{"x":0.0216408,"y":-0.329703,"heading":-1.37958,"v":-5.38792e-37,"w":-0.000476837}