{"x":0.00393762,"y":-0.00290739,"heading":-0.159186,"v":0.0260955,"w":-0.264078}