{"x":0.00197685,"y":-0.00261646,"heading":-0.132842,"v":-7.23117e-38,"w":-0.00199676}