{"x":0.00250888,"y":-0.00181459,"heading":-2.24542,"v":-0.00203901,"w":-0.907898}