{"x":3.57062,"y":-1.36411,"heading":-7.93853,"v":0.947508,"w":-0.257492}