{"x":0.0216384,"y":-0.329738,"heading":-1.29986,"v":6.30387e-36,"w":-0.00357628}