{"x":0.00197696,"y":-0.00261648,"heading":-0.133019,"v":5.22553e-06,"w":0.00610948}