{"x":2.3936,"y":0.54633,"heading":-5.51877,"v":-0.460738,"w":-0.142097}