{"x":0.545563,"y":0.993122,"heading":-10.2113,"v":-0.543607,"w":0.772476}