{"x":0.0186849,"y":-0.329103,"heading":1.474,"v":9.91611e-37,"w":-0.00596046}