{"x":0.0216408,"y":-0.329703,"heading":-1.37963,"v":6.34576e-32,"w":0.00429153}