{"x":2.31867,"y":-0.285119,"heading":-1.72033,"v":0.13404,"w":-0.911474}