{"x":0.0215032,"y":-0.328998,"heading":-1.37444,"v":0.00152105,"w":-0.00882149}