{"x":0.00196737,"y":-0.00214811,"heading":-0.0461231,"v":-3.37694e-36,"w":0.00163168}