{"x":0.018874,"y":-0.329771,"heading":0.95417,"v":0.0131014,"w":-0.920653}