{"x":0.0221977,"y":-0.330195,"heading":-0.963542,"v":-0.00137243,"w":0}