{"x":1.1403,"y":0.742115,"heading":-9.65897,"v":-0.643782,"w":0.602722}