{"x":0.00300075,"y":-0.0047025,"heading":-1.61191,"v":4.65064e-12,"w":-0.000238419}