{"x":0.122081,"y":0.0309808,"heading":0.808784,"v":0.0230225,"w":0.964403}