{"x":0.119776,"y":0.0289582,"heading":0.619223,"v":0.00829872,"w":0.973582}