{"x":0.0185181,"y":-0.330595,"heading":1.31512,"v":0.000967933,"w":0.665665}