{"x":0.0216408,"y":-0.329703,"heading":-1.3796,"v":5.90549e-37,"w":0}