{"x":0.0186849,"y":-0.329103,"heading":1.47402,"v":2.46916e-37,"w":-0.00190735}