{"x":0.375758,"y":0.207643,"heading":-6.50333,"v":0.00639558,"w":0.699043}