{"x":0.0216384,"y":-0.329738,"heading":-1.29983,"v":5.43566e-39,"w":-0.000715256}