{"x":0.00165982,"y":-0.000925561,"heading":-3.04435,"v":-1.77517e-36,"w":-0.00429153}