{"x":1.7482,"y":0.186972,"heading":-6.71322,"v":0.984689,"w":-0.346184}