{"x":0.00255326,"y":-0.0039807,"heading":-1.66341,"v":0.00258503,"w":-1.12748}