{"x":0.124491,"y":0.051121,"heading":2.15594,"v":0.018834,"w":0.992298}