{"x":0.00361032,"y":-0.00169003,"heading":-1.45991,"v":0.00174677,"w":0.0126362}