{"x":0.00196737,"y":-0.00214811,"heading":-0.0460853,"v":3.09882e-37,"w":-0.000953674}