{"x":2.20744,"y":0.272477,"heading":-5.35343,"v":0.881523,"w":-0.124931}