{"x":0.0259546,"y":-0.331143,"heading":-1.11475,"v":0.0396305,"w":0.478029}