{"x":0.00196737,"y":-0.00214811,"heading":-0.0461361,"v":-4.8168e-38,"w":0.00364333}