{"x":0.091524,"y":0.0402788,"heading":17.4629,"v":0.0204657,"w":0.892639}