{"x":0.942439,"y":0.799617,"heading":-9.72598,"v":-0.707498,"w":-0.0247955}