{"x":0.00165982,"y":-0.000925561,"heading":-3.04432,"v":4.25277e-10,"w":-0.00143051}