{"x":0.0186849,"y":-0.329103,"heading":1.47397,"v":-3.317e-36,"w":0.00548363}