{"x":0.0914537,"y":0.0460096,"heading":17.1087,"v":0.0157491,"w":0.892639}