{"x":0,"y":0,"heading":-0.00185722,"v":0,"w":0.000763684}