{"x":0.0216384,"y":-0.329738,"heading":-1.29987,"v":2.50922e-37,"w":-0.0038147}