{"x":0.00358059,"y":-0.000689179,"heading":-2.94389,"v":-0.00659582,"w":0.731945}