{"x":3.59747,"y":-1.36351,"heading":-6.37046,"v":1.01424,"w":-0.923157}