{"x":0.00236466,"y":-0.00336121,"heading":-1.36589,"v":0.000733019,"w":-0.0121593}