{"x":2.03808,"y":-0.309684,"heading":-4.32547,"v":0.137098,"w":-1.07765}