{"x":2.53136,"y":-1.28305,"heading":-6.80826,"v":0.827785,"w":0.861168}