{"x":0.0928777,"y":0.0359776,"heading":17.7345,"v":0.0156795,"w":1.01471}