{"x":2.10679,"y":-0.837489,"heading":-7.42331,"v":0.243473,"w":0.566482}