{"x":0.0216408,"y":-0.329703,"heading":-1.37966,"v":3.8786e-38,"w":-0.00190735}