{"x":1.38223,"y":0.309672,"heading":-6.45984,"v":0.981773,"w":-0.939369}