{"x":0,"y":0,"heading":-8.47263e-05,"v":0,"w":-0.00350615}