{"x":0.0214813,"y":-0.32917,"heading":-0.954286,"v":0.0181424,"w":-0.173688}