{"x":0.00196737,"y":-0.00214811,"heading":-0.0461221,"v":2.09281e-36,"w":-0.00124425}