{"x":0.0186849,"y":-0.329103,"heading":1.47396,"v":-3.43533e-36,"w":0.000476837}