{"x":0.00165982,"y":-0.000925561,"heading":-3.04432,"v":6.87413e-33,"w":0.00190735}