{"x":1.38074,"y":0.717754,"heading":-9.35651,"v":-0.418723,"w":1.01471}