{"x":3.57593,"y":-0.922952,"heading":-7.73441,"v":-0.446363,"w":-0.577927}