{"x":0.00196737,"y":-0.00214811,"heading":-0.0461414,"v":2.42429e-37,"w":-5.21541e-05}