{"x":1.28189,"y":-0.0271552,"heading":-5.33001,"v":0.23991,"w":-0.7658}