{"x":1.62633,"y":-0.170913,"heading":-9.2006,"v":0.154388,"w":-0.97847}