{"x":2.28417,"y":-0.135648,"heading":-0.151464,"v":-0.783134,"w":-0.120878}