{"x":0.00196737,"y":-0.00214811,"heading":-0.0461372,"v":3.69767e-37,"w":-0.00210851}