{"x":0,"y":0,"heading":-7.79202e-05,"v":0,"w":-0.000300381}