{"x":0.00196737,"y":-0.00214811,"heading":-0.0461031,"v":7.12589e-24,"w":-0.000447035}