{"x":-0.0042411,"y":-0.00205003,"heading":3.08318,"v":6.42697e-24,"w":-0.0038147}