{"x":0.00197659,"y":-0.00261643,"heading":-0.134046,"v":0.00106033,"w":0.0683069}