{"x":0.0216384,"y":-0.329738,"heading":-1.29985,"v":1.04448e-37,"w":-0.000238419}