{"x":0.00196737,"y":-0.00214811,"heading":-0.0461461,"v":4.62971e-38,"w":-0.00423193}