{"x":0.00196737,"y":-0.00214811,"heading":-0.0461745,"v":-4.27889e-36,"w":7.45058e-06}