{"x":0.0216408,"y":-0.329703,"heading":-1.37957,"v":-3.48008e-37,"w":0.00143051}