{"x":-0.00115646,"y":-0.00282773,"heading":0.124933,"v":-0.00886843,"w":-0.225365}