{"x":0.0186849,"y":-0.329103,"heading":1.47398,"v":1.34964e-22,"w":-0.000238419}