{"x":0.147162,"y":0.0242078,"heading":0.200314,"v":0.176941,"w":-0.0613928}