{"x":3.50832,"y":-1.35906,"heading":-6.29707,"v":1.05194,"w":-0.788689}