{"x":-0.000562153,"y":-0.00274227,"heading":2.20365,"v":-0.00999951,"w":0.876903}