{"x":0.0379933,"y":0.00367427,"heading":0.145219,"v":0.129368,"w":0.118613}