{"x":2.31334,"y":0.451492,"heading":-6.598,"v":-0.169627,"w":-0.957489}