{"x":0.00224739,"y":-0.00203038,"heading":-1.28307,"v":0.00730751,"w":-0.531912}