{"x":0.0924,"y":0.0370989,"heading":17.6415,"v":0.00681474,"w":0.907898}