{"x":0.0185644,"y":-0.330471,"heading":1.23001,"v":-0.000940524,"w":0.751734}