{"x":0.00223019,"y":-0.0014195,"heading":-3.04871,"v":3.31408e-22,"w":0}