{"x":0.0216408,"y":-0.329703,"heading":-1.37963,"v":-2.72719e-36,"w":0.000476837}