{"x":1.52824,"y":-0.159766,"heading":-9.988,"v":0.0164042,"w":-0.934601}