{"x":0.000947603,"y":-0.000120191,"heading":0.400194,"v":0.00502578,"w":0.819862}