{"x":0.118547,"y":0.0570329,"heading":15.0261,"v":0.0158396,"w":0.993729}