{"x":0.00243672,"y":-0.0037067,"heading":-1.36288,"v":-6.97464e-05,"w":-0.0562668}