{"x":2.05547,"y":0.522287,"heading":-5.81998,"v":-0.501469,"w":0.4673}