{"x":0.0207417,"y":-0.318156,"heading":-1.25983,"v":0.0333732,"w":0.403166}