{"x":-0.0042411,"y":-0.00205003,"heading":3.08321,"v":-8.87548e-11,"w":0.00190735}