{"x":0.00451828,"y":-0.000558746,"heading":-2.55755,"v":-0.00235272,"w":-0.891685}