{"x":0.00467476,"y":-0.000476862,"heading":-2.85149,"v":0.00272136,"w":-0.711918}