{"x":0.121607,"y":0.0544245,"heading":2.43369,"v":0.0151791,"w":0.913143}