{"x":0.00223019,"y":-0.0014195,"heading":-3.04869,"v":5.12759e-38,"w":-0.00476837}