{"x":1.73054,"y":-0.0422735,"heading":-7.8955,"v":0.0918209,"w":-1.03855}