{"x":0.0201069,"y":-0.329359,"heading":0.294581,"v":-0.00238961,"w":0.842094}