{"x":0.122789,"y":0.0345603,"heading":13.6447,"v":0.0169907,"w":0.974655}