{"x":3.00221,"y":-0.149068,"heading":-7.89617,"v":-0.0350276,"w":-0.994682}