{"x":0,"y":0,"heading":-9.84926e-05,"v":0,"w":0.000388798}