{"x":3.6556,"y":-1.17285,"heading":-7.32259,"v":-0.886648,"w":-1.27983}