{"x":2.13576,"y":0.550916,"heading":-6.60358,"v":-0.0437157,"w":0.972748}