{"x":0.0186849,"y":-0.329103,"heading":1.47397,"v":3.6049e-37,"w":0.000476837}