{"x":0.0216384,"y":-0.329738,"heading":-1.29989,"v":6.99509e-37,"w":-0.000238419}