{"x":0.0216408,"y":-0.329703,"heading":-1.37964,"v":-6.52873e-38,"w":-0.000238419}