{"x":1.94002,"y":0.458176,"heading":-5.7444,"v":-0.871438,"w":0.286102}