{"x":2.26687,"y":-0.155595,"heading":-0.647258,"v":0.115515,"w":-1.03986}