{"x":0.12255,"y":0.0522358,"heading":8.47894,"v":0.00923647,"w":0.936508}