{"x":0.0186849,"y":-0.329103,"heading":1.47398,"v":8.77944e-38,"w":-0.00596046}