{"x":-0.00460904,"y":-0.00202963,"heading":3.06812,"v":-0.0248624,"w":-0.275135}