{"x":1.16415,"y":-0.0305761,"heading":-0.0673751,"v":0.970815,"w":-0.0905245}