{"x":1.28165,"y":-0.0262206,"heading":-5.31543,"v":-0.313446,"w":1.00517}