{"x":0.00223018,"y":-0.0014195,"heading":-3.04861,"v":8.03486e-06,"w":0.0038147}