{"x":0.00197685,"y":-0.00261646,"heading":-0.13282,"v":-6.98919e-26,"w":-0.00229478}