{"x":0.0216408,"y":-0.329703,"heading":-1.37963,"v":3.27491e-37,"w":0.00119209}