{"x":-0.000781058,"y":-0.00278339,"heading":0.120395,"v":-3.68224e-06,"w":-0.000372529}