{"x":0.588117,"y":0.00559236,"heading":-7.65019,"v":-0.0322785,"w":1.07765}