{"x":0.105671,"y":0.0258015,"heading":6.06243,"v":0.0191106,"w":0.613213}