{"x":0.0205575,"y":-0.329326,"heading":-0.102152,"v":-0.00827007,"w":0.843599}