{"x":0.00187894,"y":-0.00145186,"heading":-3.04896,"v":6.66121e-05,"w":-0.00190735}