{"x":0.00364863,"y":-0.00204449,"heading":-1.46517,"v":0.00473787,"w":-0.164032}