{"x":0.091429,"y":0.0419829,"heading":11.0948,"v":0.0218146,"w":0.810623}