{"x":2.10824,"y":-1.06219,"heading":-8.2442,"v":-0.0183833,"w":0.432968}