{"x":1.20488,"y":0.325979,"heading":-6.28826,"v":0.935761,"w":-0.93174}