{"x":0.00294824,"y":-0.0064528,"heading":-1.46179,"v":-0.0150776,"w":0.692129}