{"x":-0.000601565,"y":-0.00270452,"heading":2.32578,"v":-0.00170638,"w":0.891209}