{"x":3.13925,"y":-1.38991,"heading":-6.16979,"v":0.949755,"w":0.286102}