{"x":0.667942,"y":0.878853,"heading":-9.66428,"v":0.197663,"w":-0.043869}