{"x":0,"y":0,"heading":-0.000113424,"v":0,"w":-0.00146475}