{"x":0.259299,"y":0.0456097,"heading":0.189613,"v":0.00212007,"w":-0.0288784}