{"x":0.270614,"y":-0.00112084,"heading":-0.00945381,"v":0.726403,"w":-0.0174921}