{"x":0.00386982,"y":-0.0032012,"heading":-1.20887,"v":-0.00393657,"w":-0.776529}