{"x":0.00165982,"y":-0.000925561,"heading":-3.04431,"v":-2.63464e-29,"w":0.000476837}