{"x":0.00165982,"y":-0.000925561,"heading":-3.04431,"v":-5.85907e-25,"w":-0.00190735}