{"x":0.0186849,"y":-0.329103,"heading":1.47398,"v":5.0919e-37,"w":-0.0038147}