{"x":0.00196737,"y":-0.00214811,"heading":-0.0460902,"v":4.42026e-36,"w":0.00553578}