{"x":-0.00187119,"y":-0.00256166,"heading":0.930413,"v":-0.00480463,"w":-0.875235}