{"x":0.115788,"y":0.0579592,"heading":8.97827,"v":0.00850817,"w":0.963211}