{"x":0.0216384,"y":-0.329738,"heading":-1.29991,"v":4.69598e-38,"w":0.0038147}