{"x":0.0186849,"y":-0.329103,"heading":1.474,"v":2.35628e-36,"w":-0.00143051}