{"x":0.108487,"y":0.0266784,"heading":18.9114,"v":0.015296,"w":0.980377}