{"x":1.2052,"y":0.728695,"heading":-9.59679,"v":-0.639637,"w":0.688553}