{"x":2.21076,"y":0.508949,"heading":-6.92407,"v":-0.125099,"w":0.1688}