{"x":0.00415679,"y":-0.000582932,"heading":-2.98594,"v":-4.23207e-05,"w":-0.014782}