{"x":0.111095,"y":0.0269738,"heading":18.9868,"v":3.74521e-25,"w":0.0038147}