{"x":2.0887,"y":0.537873,"heading":-5.87734,"v":-0.244258,"w":0.667572}