{"x":-0.0042411,"y":-0.00205003,"heading":3.08318,"v":1.35382e-15,"w":0.000476837}