{"x":0.00196737,"y":-0.00214811,"heading":-0.0461333,"v":2.96092e-37,"w":-0.0026077}