{"x":0.00268225,"y":-0.00137926,"heading":-3.04955,"v":0.0198318,"w":-0.108719}