{"x":1.36764,"y":0.0684993,"heading":-5.55238,"v":-0.573733,"w":0.676155}