{"x":0.122899,"y":0.0328375,"heading":7.28759,"v":0.0103264,"w":0.902176}