{"x":0.0917719,"y":0.0475093,"heading":17.0219,"v":0.0187496,"w":0.915527}