{"x":1.75991,"y":-0.0802903,"heading":-0.0974958,"v":1.03108,"w":-0.0844151}