{"x":0,"y":0,"heading":-0.00180106,"v":0,"w":-0.00429642}