{"x":0.00381959,"y":-0.00310139,"heading":-1.10145,"v":0.00590715,"w":-0.859499}