{"x":0.00196737,"y":-0.00214811,"heading":-0.0460906,"v":-5.39644e-38,"w":-0.00552833}