{"x":0.111095,"y":0.0269738,"heading":18.9868,"v":3.25389e-22,"w":0}