{"x":-0.00232053,"y":-0.00300622,"heading":0.633405,"v":-0.00556332,"w":-0.897407}