{"x":0.0216408,"y":-0.329703,"heading":-1.37961,"v":-3.18792e-36,"w":0.00143051}