{"x":0.00386517,"y":-0.00113231,"heading":-2.85367,"v":-0.00108868,"w":0.928402}