{"x":1.80323,"y":-0.362694,"heading":-5.10964,"v":-0.218693,"w":-0.00858307}