{"x":0.00196737,"y":-0.00214811,"heading":-0.0461258,"v":-3.94367e-19,"w":0.00193715}