{"x":0.0951753,"y":0.0541612,"heading":10.244,"v":0.0162787,"w":0.944138}