{"x":0.124789,"y":0.0347483,"heading":1.08848,"v":0.0179427,"w":0.871897}