{"x":2.13082,"y":0.55224,"heading":-6.41962,"v":0.0145443,"w":1.01852}