{"x":0.00196737,"y":-0.00214811,"heading":-0.0461321,"v":6.03267e-38,"w":0.00273436}