{"x":0.0216384,"y":-0.329738,"heading":-1.29988,"v":-1.68066e-37,"w":0.0026226}