{"x":0.0036489,"y":-0.00258286,"heading":-1.25746,"v":-0.000613525,"w":0.854731}