{"x":0.401308,"y":1.22695,"heading":-10.6729,"v":-0.297461,"w":0.764847}