{"x":2.23024,"y":0.494519,"heading":-6.90796,"v":-0.22303,"w":-0.376701}