{"x":0.11491,"y":0.0592106,"heading":15.3068,"v":0.0098296,"w":1.00517}