{"x":0.00165982,"y":-0.000925561,"heading":-3.04433,"v":8.05e-31,"w":0.00572205}