{"x":0,"y":0,"heading":-0.00185799,"v":0,"w":-0.0021304}