{"x":2.2625,"y":0.422388,"heading":-5.75398,"v":0.194337,"w":-0.85926}