{"x":0.798968,"y":0.84913,"heading":-9.71466,"v":-0.661994,"w":0.640869}