{"x":0.0186849,"y":-0.329103,"heading":1.47401,"v":-2.77185e-36,"w":0.000715256}