{"x":0.00197685,"y":-0.00261646,"heading":-0.132812,"v":2.4869e-37,"w":0.000447035}