{"x":0.0186849,"y":-0.329102,"heading":1.47382,"v":-3.96072e-05,"w":0.00452995}