{"x":0.0216384,"y":-0.329738,"heading":-1.29982,"v":3.70869e-36,"w":0.000715256}