{"x":-0.00184436,"y":-0.00240445,"heading":1.39101,"v":0.00361266,"w":-0.839472}