{"x":0.00373736,"y":-0.00296315,"heading":-1.59218,"v":-0.000629322,"w":0.908136}