{"x":2.62627,"y":-0.183009,"heading":-0.129362,"v":-0.26118,"w":-0.085026}