{"x":0.00196737,"y":-0.00214811,"heading":-0.0460974,"v":-4.24754e-38,"w":-0.00230223}