{"x":0,"y":0,"heading":-0.00185627,"v":0,"w":-0.00303797}