{"x":1.62672,"y":0.0827003,"heading":-6.61718,"v":0.182822,"w":-0.574112}