{"x":2.12267,"y":-0.869176,"heading":-7.3616,"v":0.497383,"w":0.656128}