{"x":0.101316,"y":0.027931,"heading":18.4505,"v":0.0137393,"w":0.873566}