{"x":0.0203789,"y":-0.329304,"heading":0.0627142,"v":0.0023544,"w":0.842459}