{"x":0.0043558,"y":-0.00122558,"heading":-3.01623,"v":-0.0130475,"w":-0.0529289}