{"x":2.64477,"y":-0.18534,"heading":-0.117268,"v":0.0389832,"w":0.0554621}