{"x":0.0216408,"y":-0.329703,"heading":-1.37961,"v":1.29048e-36,"w":-0.00190735}