{"x":0.00145371,"y":-0.00254802,"heading":-0.0846693,"v":0.0100817,"w":-0.505269}