{"x":0.00196737,"y":-0.00214811,"heading":-0.0461395,"v":-3.27765e-08,"w":-0.00282377}