{"x":0.00222365,"y":-0.00189556,"heading":-1.01359,"v":-0.0062678,"w":-0.780821}