{"x":0.0186849,"y":-0.329103,"heading":1.47398,"v":7.07541e-38,"w":0.00166893}