{"x":-0.0042411,"y":-0.00205003,"heading":3.0832,"v":2.68005e-29,"w":0.00238419}