{"x":0.00302483,"y":-0.00420557,"heading":-1.64888,"v":0.0167697,"w":0.226974}