{"x":0.0216384,"y":-0.329738,"heading":-1.29983,"v":-1.36182e-36,"w":0.00333786}