{"x":0.0216384,"y":-0.329738,"heading":-1.29984,"v":2.87703e-37,"w":0.00238419}