{"x":0.0186849,"y":-0.329103,"heading":1.47395,"v":1.41875e-10,"w":-0.00357628}