{"x":0.00165982,"y":-0.000925561,"heading":-3.04434,"v":2.43754e-36,"w":-0.000476837}