{"x":-0.0042411,"y":-0.00205003,"heading":3.08317,"v":-8.18911e-39,"w":0.00286102}