{"x":2.0974,"y":-0.376273,"heading":-3.71015,"v":0.213848,"w":-0.875473}