{"x":0.0186476,"y":-0.329489,"heading":1.47522,"v":-8.88694e-09,"w":0.00715256}