{"x":0.00300075,"y":-0.00470249,"heading":-1.61187,"v":9.14345e-07,"w":0.00786781}