{"x":0.0228202,"y":-0.331105,"heading":-0.975209,"v":0.00508951,"w":-0.0668764}