{"x":0.117362,"y":0.0571264,"heading":2.72213,"v":0.0192969,"w":1.00183}