{"x":2.79015,"y":-1.38183,"heading":-6.48632,"v":0.904251,"w":1.03855}