{"x":0,"y":0,"heading":-7.82552e-05,"v":0,"w":0.00326335}