{"x":0.00166137,"y":-0.000925419,"heading":-3.04545,"v":0.00277986,"w":-0.0567436}