{"x":1.99442,"y":-0.132463,"heading":-5.9444,"v":-0.211982,"w":0.761032}