{"x":0.0186849,"y":-0.329103,"heading":1.47398,"v":2.21219e-28,"w":-0.000715256}