{"x":0.594805,"y":0.100322,"heading":-8.08969,"v":0.207257,"w":0.751495}