{"x":0.00196737,"y":-0.00214811,"heading":-0.0461163,"v":-5.17412e-37,"w":0.000558793}