{"x":-0.0010893,"y":-0.00277139,"heading":2.741,"v":-0.00611553,"w":-0.980854}