{"x":0.00201511,"y":-0.00203018,"heading":-1.51796,"v":0.0166393,"w":0.0479221}