{"x":1.32957,"y":0.71658,"heading":-9.44155,"v":-0.627049,"w":0.804901}