{"x":-0.00181082,"y":-0.00186568,"heading":1.61555,"v":0.00377798,"w":-0.889301}