{"x":0,"y":0,"heading":-0.000112167,"v":0,"w":0.00246968}