{"x":2.05496,"y":-0.338755,"heading":-4.04944,"v":0.123338,"w":-1.14727}