{"x":2.24038,"y":-1.58738,"heading":-10.5657,"v":6.83456e-19,"w":-0.0038147}