{"x":0.00196737,"y":-0.00214811,"heading":-0.0461802,"v":-1.33171e-36,"w":-0.00233948}