{"x":0.00262445,"y":-0.00218457,"heading":-0.120017,"v":-0.00805017,"w":0.277236}