{"x":-0.0042411,"y":-0.00205003,"heading":3.0834,"v":3.54678e-37,"w":-0.0109673}