{"x":-0.00424127,"y":-0.00205002,"heading":3.08326,"v":4.32639e-05,"w":-0.0038147}