{"x":0.00197685,"y":-0.00261646,"heading":-0.132819,"v":2.57101e-37,"w":0.000149012}