{"x":3.69084,"y":-1.37584,"heading":-6.45858,"v":1.04137,"w":-0.98896}