{"x":0,"y":0,"heading":-0.00010677,"v":0,"w":-0.000532033}