{"x":0.946354,"y":0.298085,"heading":-6.07744,"v":1.04149,"w":-0.573158}