{"x":0.125658,"y":0.0440648,"heading":7.9882,"v":0.0114438,"w":0.936508}