{"x":0.296048,"y":0.0525123,"heading":0.183585,"v":-0.124115,"w":-0.0644922}