{"x":0.0213062,"y":-0.328657,"heading":-0.293992,"v":0.00127875,"w":-0.97692}