{"x":0.0216408,"y":-0.329703,"heading":-1.3796,"v":8.63611e-37,"w":-0.00119209}