{"x":0.574677,"y":-0.00574316,"heading":-0.0183732,"v":0.876643,"w":-0.0519864}