{"x":0.0023378,"y":-0.00266554,"heading":-0.135946,"v":-0.00156316,"w":-0.0709593}