{"x":0.00185952,"y":-0.00145421,"heading":-3.04858,"v":-0.000132632,"w":0.0309944}