{"x":0.0216408,"y":-0.329703,"heading":-1.3796,"v":-6.51742e-38,"w":-0.000476837}