{"x":0.0216408,"y":-0.329703,"heading":-1.37958,"v":8.37686e-37,"w":0.00190735}