{"x":2.07842,"y":-0.115719,"heading":-6.22713,"v":-0.231386,"w":0.774383}