{"x":0.0191718,"y":-0.329403,"heading":0.831849,"v":0.00887265,"w":-0.889897}