{"x":0.0193999,"y":-0.329159,"heading":0.715086,"v":-0.00504123,"w":-0.93472}