{"x":0.0216408,"y":-0.329703,"heading":-1.3796,"v":6.25087e-39,"w":-0.00166893}