{"x":0.0216408,"y":-0.329703,"heading":-1.37965,"v":-3.63257e-36,"w":-0.00405312}