{"x":0.0216384,"y":-0.329738,"heading":-1.29984,"v":6.90729e-12,"w":-0.00309944}