{"x":0.123201,"y":0.0509315,"heading":14.5741,"v":0.0168295,"w":0.82016}