{"x":0.000532715,"y":-0.00103156,"heading":-3.03396,"v":0.00627627,"w":-0.0371933}