{"x":0.0216677,"y":-0.329843,"heading":-1.29904,"v":-0.0137275,"w":-0.0276566}