{"x":0.0920953,"y":0.0186603,"heading":0.205657,"v":0.0481911,"w":0.529617}