{"x":0.0216384,"y":-0.329738,"heading":-1.29989,"v":2.523e-36,"w":0.000715256}