{"x":0,"y":0,"heading":-0.000133365,"v":0,"w":-0.000666943}