{"x":2.57989,"y":0.73678,"heading":-5.42729,"v":0.163267,"w":-0.00476837}