{"x":0.00197685,"y":-0.00261646,"heading":-0.13285,"v":1.05397e-28,"w":0.00301003}