{"x":3.57506,"y":-0.917724,"heading":-7.77728,"v":0.157376,"w":-0.0514984}