{"x":0.102174,"y":0.0270266,"heading":5.82377,"v":0.0229871,"w":0.993729}