{"x":0.0216408,"y":-0.329703,"heading":-1.37962,"v":-5.06971e-23,"w":-0.00238419}