{"x":0.00277631,"y":-0.00533173,"heading":-1.38667,"v":-0.017255,"w":0.547647}