{"x":1.54189,"y":0.0989876,"heading":-6.33165,"v":0.246815,"w":-0.841141}