{"x":0,"y":0,"heading":-0.00191873,"v":0,"w":-0.000631669}