{"x":0.00197685,"y":-0.00261646,"heading":-0.13288,"v":-5.84691e-27,"w":0.00274181}