{"x":0.124335,"y":0.0478973,"heading":14.4013,"v":0.0105421,"w":0.890732}