{"x":0.0216384,"y":-0.329738,"heading":-1.2999,"v":6.96817e-38,"w":0.000238419}