{"x":0.00196737,"y":-0.00214811,"heading":-0.046117,"v":-4.44552e-37,"w":0.00116974}