{"x":2.39993,"y":-0.152668,"heading":-0.138624,"v":-0.892079,"w":-0.111401}