{"x":0.046151,"y":5.88382e-05,"heading":0.00178684,"v":0.379605,"w":-0.0312952}