{"x":0.0186849,"y":-0.329103,"heading":1.474,"v":3.44062e-21,"w":-0.00309944}