{"x":-0.0138804,"y":-0.10855,"heading":-1.61527,"v":0.102304,"w":0.311613}