{"x":-0.0023519,"y":-0.00303815,"heading":0.506234,"v":-0.00368922,"w":-0.880837}