{"x":0.0213991,"y":-0.328434,"heading":-1.25109,"v":-0.00735038,"w":-0.758648}