{"x":0.103516,"y":0.0602637,"heading":16.005,"v":0.006113,"w":1.11389}