{"x":0.0216408,"y":-0.329703,"heading":-1.37963,"v":-7.41399e-39,"w":-0.00166893}