{"x":2.36248,"y":0.516849,"heading":-5.53097,"v":-0.468366,"w":-0.148773}