{"x":0.00207522,"y":-0.00337528,"heading":-1.57207,"v":-0.0108009,"w":-0.823975}