{"x":0.00446204,"y":-0.000374731,"heading":-2.68014,"v":-0.00553508,"w":0.940323}