{"x":0,"y":0,"heading":-0.000159585,"v":0,"w":-0.00349473}