{"x":0.0216408,"y":-0.329703,"heading":-1.37958,"v":-3.6459e-36,"w":-0.000953674}