{"x":0.0192748,"y":-0.329774,"heading":0.678765,"v":0.00254949,"w":0.960827}