{"x":0.00125478,"y":1.86627e-05,"heading":0.512099,"v":-5.13453e-05,"w":0.862479}