{"x":0.0186849,"y":-0.329103,"heading":1.474,"v":-1.18586e-37,"w":-0.00143051}