{"x":-0.00108638,"y":-0.00242219,"heading":2.85034,"v":0.00283778,"w":0.540256}