{"x":2.13425,"y":-0.11774,"heading":-6.3492,"v":-0.109213,"w":-0.170708}