{"x":0.00223019,"y":-0.0014195,"heading":-3.04868,"v":-1.2086e-36,"w":-0.0038147}