{"x":0.0186849,"y":-0.329103,"heading":1.47398,"v":7.37209e-35,"w":-0.00143051}