{"x":0,"y":0,"heading":-0.00190888,"v":0,"w":0.00102748}