{"x":0,"y":0,"heading":-0.00194537,"v":0,"w":0.000168337}