{"x":0.0216408,"y":-0.329703,"heading":-1.37963,"v":-3.47709e-36,"w":-0.00143051}