{"x":0.107142,"y":0.0596936,"heading":9.48959,"v":0.016664,"w":0.915527}