{"x":2.59795,"y":-0.178268,"heading":-6.57861,"v":1.03606,"w":0.332832}