{"x":0.0273097,"y":-0.333714,"heading":-1.00449,"v":0.000819248,"w":1.03378}