{"x":0.0216384,"y":-0.329738,"heading":-1.29984,"v":1.35556e-38,"w":0.00405312}