{"x":0.0216408,"y":-0.329703,"heading":-1.37966,"v":-4.14835e-37,"w":-0.00357628}