{"x":1.69578,"y":0.0479152,"heading":-6.94793,"v":0.0934584,"w":-1.00708}