{"x":0.408935,"y":1.20316,"heading":-10.617,"v":0.24404,"w":-0.892639}