{"x":-0.0130645,"y":-0.147752,"heading":-1.49092,"v":0.105097,"w":0.340462}