{"x":0.00379171,"y":-0.00363677,"heading":-1.50598,"v":-0.00264623,"w":-0.58794}