{"x":3.57396,"y":-0.905024,"heading":-7.7526,"v":-0.0181916,"w":-0.0152588}