{"x":0.00196737,"y":-0.00214811,"heading":-0.0461336,"v":3.35753e-37,"w":0}