{"x":0.117537,"y":0.0577839,"heading":15.1141,"v":0.0175633,"w":0.907898}