{"x":2.20116,"y":-0.401599,"heading":-3.00762,"v":0.136431,"w":-1.02711}