{"x":0.00274638,"y":-0.000822669,"heading":-3.04774,"v":3.86653e-05,"w":0.00858307}