{"x":0.201357,"y":0.0348218,"heading":0.1845,"v":0.183952,"w":-0.0102818}