{"x":1.8775,"y":-0.2099,"heading":-5.32711,"v":-0.0827656,"w":0.332832}