{"x":3.46811,"y":-1.7224,"heading":-8.41724,"v":1.15267,"w":-1.95503}