{"x":0,"y":0,"heading":-0.00185216,"v":0,"w":0.00442681}