{"x":0.0146743,"y":-0.292567,"heading":-1.35675,"v":0.0974491,"w":-0.0226498}