{"x":0.00268431,"y":-0.00307594,"heading":-1.80403,"v":-0.00740679,"w":-1.15681}