{"x":0.0954406,"y":0.0321953,"heading":18.0038,"v":0.0229975,"w":0.953674}