{"x":0.00197685,"y":-0.00261646,"heading":-0.132875,"v":8.35237e-37,"w":0.00408292}