{"x":0.0216384,"y":-0.329738,"heading":-1.29987,"v":1.28279e-36,"w":-0.00572205}