{"x":-0.0042411,"y":-0.00205003,"heading":3.08324,"v":3.51436e-37,"w":0}