{"x":1.85322,"y":-0.0896779,"heading":-0.102952,"v":1.02862,"w":-0.104338}