{"x":0.0216384,"y":-0.329738,"heading":-1.29986,"v":6.22933e-38,"w":0.00238419}