{"x":0.0036096,"y":-0.00168358,"heading":-1.45979,"v":1.91215e-08,"w":0.00429153}