{"x":0.0943422,"y":0.0335537,"heading":17.912,"v":0.0144542,"w":0.865936}