{"x":2.01436,"y":-0.126219,"heading":-6.01488,"v":-0.252348,"w":0.766754}