{"x":2.29206,"y":-0.180744,"heading":-0.930053,"v":0.128764,"w":-0.987172}