{"x":0.126658,"y":0.0454717,"heading":1.71786,"v":0.0143666,"w":0.785351}