{"x":-0.00080338,"y":-0.00290993,"heading":2.58385,"v":-0.0031531,"w":-0.962734}