{"x":0.00197685,"y":-0.00261646,"heading":-0.132831,"v":7.71952e-35,"w":0.00652671}