{"x":0.00196737,"y":-0.00214811,"heading":-0.0461365,"v":-1.11945e-37,"w":-0.00116974}