{"x":0.663765,"y":0.87988,"heading":-9.66444,"v":-0.0233348,"w":0.0343323}