{"x":0.0216384,"y":-0.329738,"heading":-1.29986,"v":7.1851e-39,"w":0.00286102}