{"x":0.00292419,"y":-0.00134846,"heading":-3.02343,"v":0.00238265,"w":0.49448}