{"x":0.00196737,"y":-0.00214811,"heading":-0.0461326,"v":-2.54423e-37,"w":-0.000879168}