{"x":0.000172267,"y":8.80166e-08,"heading":0.000348245,"v":-0.0148328,"w":-0.00244839}