{"x":0.0216384,"y":-0.329738,"heading":-1.2998,"v":1.19991e-36,"w":-0.00166893}