{"x":0.000911928,"y":-0.00260381,"heading":0.0914954,"v":0.0213505,"w":-0.360593}