{"x":0.0216384,"y":-0.329738,"heading":-1.29984,"v":-4.4174e-36,"w":-0.00524521}