{"x":2.17732,"y":0.530901,"heading":-6.80557,"v":-0.148531,"w":0.439644}