{"x":0.00224181,"y":-0.00201081,"heading":-1.33297,"v":-0.00597391,"w":-0.346184}