{"x":1.33527,"y":0.0303733,"heading":-5.59001,"v":0.280726,"w":-0.892639}