{"x":0.124677,"y":0.0463518,"heading":14.3085,"v":0.0141022,"w":0.955582}