{"x":0.0186849,"y":-0.329103,"heading":1.47397,"v":-1.94183e-36,"w":-0.00286102}