{"x":2.64228,"y":-0.185051,"heading":-0.118452,"v":-0.0770731,"w":-0.0920743}