{"x":1.60991,"y":0.0880111,"heading":-6.55803,"v":0.206755,"w":-0.67234}