{"x":1.72922,"y":-0.056551,"heading":-7.99646,"v":0.136529,"w":-1.00803}