{"x":0.0216408,"y":-0.329703,"heading":-1.37956,"v":1.3948e-38,"w":0.000953674}