{"x":0,"y":0,"heading":-0.000122923,"v":0,"w":-0.000237225}