{"x":2.58088,"y":0.73791,"heading":-5.42692,"v":-0.0431407,"w":-0.0238419}