{"x":2.38972,"y":-0.152071,"heading":-0.127437,"v":0.69494,"w":-0.0178814}