{"x":0.0186849,"y":-0.329103,"heading":1.47401,"v":-3.54565e-37,"w":0.00238419}