{"x":0.0216384,"y":-0.329738,"heading":-1.29981,"v":-1.2982e-38,"w":0.00214577}