{"x":0.0216408,"y":-0.329703,"heading":-1.37962,"v":-1.09059e-37,"w":0.00429153}