{"x":-0.0042411,"y":-0.00205003,"heading":3.0832,"v":-4.03836e-17,"w":-0.00667572}