{"x":0.00290929,"y":-0.00201126,"heading":-0.713002,"v":0.00848447,"w":-0.956178}