{"x":0.0216408,"y":-0.329703,"heading":-1.37961,"v":-1.02408e-36,"w":0}