{"x":1.27779,"y":-0.0330686,"heading":-5.30542,"v":0.238408,"w":-0.770569}