{"x":-0.000801566,"y":-0.00265644,"heading":1.45084,"v":0.000718265,"w":0.906229}