{"x":0.0998278,"y":0.0286341,"heading":18.3597,"v":0.00213211,"w":0.907898}