{"x":0.0216384,"y":-0.329738,"heading":-1.2999,"v":2.53415e-38,"w":-0.000715256}