{"x":0.0914871,"y":0.0461213,"heading":10.871,"v":0.0166847,"w":0.911713}