{"x":2.24038,"y":-1.58738,"heading":-10.5657,"v":4.57514e-24,"w":0}