{"x":0.00202499,"y":-0.00221745,"heading":-1.51808,"v":0.00752055,"w":-0.0545979}