{"x":0.00297036,"y":-0.00647184,"heading":-1.56223,"v":0.00696744,"w":0.645637}