{"x":2.17358,"y":-0.116568,"heading":-0.20797,"v":0.0458611,"w":-0.0465214}