{"x":0.0202253,"y":-0.328775,"heading":0.296295,"v":0.000578318,"w":-0.910401}