{"x":0.0216384,"y":-0.329738,"heading":-1.29986,"v":-4.62656e-38,"w":0.0038147}