{"x":0.00187203,"y":-0.00145249,"heading":-3.04934,"v":0.00368976,"w":-0.0271797}