{"x":0.0243033,"y":0.00180213,"heading":0.122063,"v":0.115412,"w":0.360832}