{"x":-0.0042411,"y":-0.00205003,"heading":3.08319,"v":-3.12088e-36,"w":-0.00333786}