{"x":3.87059,"y":-1.41466,"heading":-6.90871,"v":-0.611518,"w":-1.03855}