{"x":3.00142,"y":-0.151485,"heading":-7.60954,"v":0.0474275,"w":-1.03378}