{"x":0.0211997,"y":-0.328647,"heading":0.00572736,"v":-0.000936995,"w":-0.893447}