{"x":0.00223019,"y":-0.0014195,"heading":-3.0487,"v":4.15061e-36,"w":-0.00143051}