{"x":0.673749,"y":0.877404,"heading":-9.67186,"v":-0.107935,"w":-0.127792}