{"x":-0.00575854,"y":-0.200636,"heading":-1.38469,"v":0.10182,"w":0.163317}