{"x":0,"y":0,"heading":-5.57301e-05,"v":0,"w":-0.00473364}