{"x":0.00196737,"y":-0.00214811,"heading":-0.0461221,"v":-1.0493e-37,"w":-0.00260025}