{"x":0.111095,"y":0.0269738,"heading":18.9868,"v":-5.63453e-12,"w":0.0038147}