{"x":0.0851688,"y":0.0174923,"heading":0.132991,"v":0.0108515,"w":-0.00354648}