{"x":0.0119365,"y":-0.280135,"heading":-1.35089,"v":0.0968209,"w":-0.0240803}