{"x":2.32719,"y":0.447564,"heading":-6.51129,"v":-0.0890662,"w":-0.914574}