{"x":0.0186849,"y":-0.329103,"heading":1.47401,"v":1.32999e-36,"w":0.000953674}