{"x":0,"y":0,"heading":-7.49824e-05,"v":0,"w":0.00631787}