{"x":0.0856236,"y":0.0175528,"heading":0.133049,"v":0.000364639,"w":0.00241399}