{"x":0,"y":0,"heading":-8.98929e-05,"v":0,"w":0.000231696}