{"x":0.00197685,"y":-0.00261646,"heading":-0.132836,"v":3.33267e-36,"w":-0.00333786}