{"x":0.0186849,"y":-0.329103,"heading":1.47397,"v":-4.1133e-37,"w":0.000953674}