{"x":0,"y":0,"heading":-9.53604e-05,"v":0,"w":0.000556305}