{"x":0,"y":0,"heading":-7.13339e-05,"v":0,"w":-0.000349508}