{"x":0.0216408,"y":-0.329703,"heading":-1.37923,"v":-8.92488e-08,"w":-0.00357628}