{"x":2.13199,"y":0.551993,"heading":-6.51673,"v":-0.0341918,"w":0.958443}