{"x":0.0216384,"y":-0.329738,"heading":-1.29985,"v":-3.71488e-38,"w":0}