{"x":0.221538,"y":0.0385357,"heading":0.180813,"v":0.165671,"w":-0.0180006}