{"x":2.2457,"y":-0.0494509,"heading":-6.68717,"v":1.04752,"w":0.294685}