{"x":0.0216408,"y":-0.329703,"heading":-1.37959,"v":9.52837e-37,"w":-0.0038147}