{"x":0.0209276,"y":-0.328512,"heading":-0.580863,"v":0.000984584,"w":-0.888228}