{"x":-0.0037354,"y":-0.0021302,"heading":2.99852,"v":-0.00628656,"w":-0.696182}