{"x":2.31638,"y":-0.296675,"heading":-1.80931,"v":0.11026,"w":-0.955105}