{"x":0.258948,"y":0.045543,"heading":0.187862,"v":1.31087e-05,"w":-0.00488758}