{"x":3.13453,"y":-0.294725,"heading":-6.77057,"v":-0.227175,"w":-0.852585}