{"x":0.0216384,"y":-0.329738,"heading":-1.29987,"v":-1.75852e-36,"w":-0.00500679}