{"x":0.110852,"y":0.0269405,"heading":18.9848,"v":0.0126415,"w":0.087738}