{"x":0.00222563,"y":-0.00141993,"heading":-3.04846,"v":-0.0003628,"w":0}