{"x":3.01225,"y":-0.170828,"heading":-7.36035,"v":-0.222617,"w":-0.729561}