{"x":0.00196737,"y":-0.00214811,"heading":-0.0461154,"v":3.42329e-37,"w":-0.00205636}