{"x":0.0216408,"y":-0.329703,"heading":-1.37958,"v":-2.26011e-36,"w":0}