{"x":0.00196737,"y":-0.00214811,"heading":-0.0461278,"v":-6.92431e-38,"w":-0.000186265}