{"x":0.0216408,"y":-0.329703,"heading":-1.37957,"v":-2.72628e-36,"w":0}