{"x":0.110478,"y":0.0604436,"heading":15.5641,"v":0.00514082,"w":0.131607}