{"x":0.00197685,"y":-0.00261646,"heading":-0.132858,"v":4.29416e-12,"w":0.00110269}