{"x":0.111095,"y":0.0269738,"heading":18.9868,"v":2.40223e-22,"w":0}