{"x":-0.0042411,"y":-0.00205003,"heading":3.08322,"v":1.07389e-09,"w":0.000953674}