{"x":0.0216384,"y":-0.329738,"heading":-1.29983,"v":5.8055e-38,"w":0}