{"x":0.107081,"y":0.026652,"heading":18.8239,"v":0.0177181,"w":0.961304}