{"x":0.092131,"y":0.0489306,"heading":10.6858,"v":0.0174876,"w":0.993729}