{"x":0,"y":0,"heading":-0.000118988,"v":0,"w":-0.000947242}