{"x":0.0216384,"y":-0.329738,"heading":-1.29986,"v":-2.86691e-36,"w":0.000715256}