{"x":-0.00318524,"y":-0.213577,"heading":-1.36525,"v":0.102078,"w":0.0705719}