{"x":0.556336,"y":1.04395,"heading":-9.90819,"v":0.290653,"w":-0.79155}