{"x":0.110077,"y":0.0268373,"heading":18.9813,"v":0.00712404,"w":0.0495911}