{"x":0.458932,"y":0.201711,"heading":-6.25798,"v":0.556531,"w":0.933647}