{"x":0.00196737,"y":-0.00214811,"heading":-0.0460988,"v":8.007e-38,"w":0.000454485}