{"x":0.0216408,"y":-0.329703,"heading":-1.37958,"v":-5.25846e-36,"w":0}