{"x":2.24038,"y":-1.58738,"heading":-10.5657,"v":-7.42773e-34,"w":0.00190735}