{"x":0.0216408,"y":-0.329703,"heading":-1.37958,"v":-4.62267e-38,"w":0.0026226}