{"x":1.72738,"y":-0.0666223,"heading":-8.0712,"v":0.10581,"w":-0.984192}