{"x":0.0172261,"y":-0.304324,"heading":-1.35472,"v":0.0852195,"w":0.0948906}