{"x":0.00196737,"y":-0.00214811,"heading":-0.046094,"v":-1.04975e-37,"w":-0.00287592}