{"x":0.00300075,"y":-0.0047025,"heading":-1.61194,"v":8.1273e-09,"w":0.000476837}