{"x":0.111926,"y":0.0601832,"heading":15.489,"v":0.0141406,"w":1.11389}