{"x":3.58472,"y":-0.979501,"heading":-7.66299,"v":-0.792636,"w":-1.11771}