{"x":0.00197685,"y":-0.00261646,"heading":-0.132833,"v":-2.55234e-33,"w":-0.0025928}