{"x":2.24038,"y":-1.58738,"heading":-10.5657,"v":-2.48738e-26,"w":0.00190735}