{"x":0.124569,"y":0.0395128,"heading":13.9451,"v":0.0180031,"w":0.915527}