{"x":0.018666,"y":-0.329119,"heading":1.41589,"v":-0.0211281,"w":-0.524521}