{"x":0.102739,"y":0.0274119,"heading":18.547,"v":0.0150259,"w":0.862122}