{"x":0.0216384,"y":-0.329738,"heading":-1.29991,"v":-3.18456e-37,"w":-0.00190735}