{"x":0.00304543,"y":-0.0040007,"heading":-1.70483,"v":0.00400925,"w":0.664234}