{"x":0.0995139,"y":0.0583348,"heading":16.2996,"v":0.0172208,"w":0.930786}