{"x":0.693158,"y":0.888847,"heading":-9.86858,"v":-0.56807,"w":1.05667}