{"x":0.0216408,"y":-0.329703,"heading":-1.37963,"v":-9.61276e-38,"w":0.00119209}