{"x":0.00334477,"y":-0.0023108,"heading":-0.363979,"v":-0.00315143,"w":0.849068}