{"x":0.0216384,"y":-0.329738,"heading":-1.2999,"v":4.0491e-36,"w":0.00333786}