{"x":3.582,"y":-1.12077,"heading":-7.86467,"v":0.823006,"w":-0.289917}