{"x":0.0216408,"y":-0.329703,"heading":-1.37959,"v":-1.47989e-36,"w":0.00166893}