{"x":0.0216408,"y":-0.329703,"heading":-1.3796,"v":-1.52859e-36,"w":-0.00333786}