{"x":0.00196737,"y":-0.00214811,"heading":-0.0461124,"v":8.8558e-37,"w":-0.00135601}