{"x":0.00196737,"y":-0.00214811,"heading":-0.0461014,"v":1.46439e-31,"w":-0.000119209}