{"x":0.0184822,"y":-0.330055,"heading":1.32941,"v":-0.00154016,"w":-0.805378}