{"x":0.00196737,"y":-0.00214811,"heading":-0.0461158,"v":-1.02672e-38,"w":-0.00494719}