{"x":0.00196737,"y":-0.00214811,"heading":-0.0461053,"v":1.35304e-37,"w":0.000856817}