{"x":0.051351,"y":0.00571491,"heading":0.157743,"v":0.128386,"w":0.125587}