{"x":0.0212777,"y":-0.328875,"heading":-0.896102,"v":0.00254537,"w":-0.394225}