{"x":0.0186849,"y":-0.329103,"heading":1.47398,"v":2.02504e-36,"w":0.000476837}