{"x":1.76846,"y":-0.446414,"heading":-5.10479,"v":-0.0927088,"w":-0.0782013}