{"x":0.00256927,"y":-0.00446278,"heading":-1.51057,"v":-0.00568777,"w":-1.02854}