{"x":0.0216408,"y":-0.329703,"heading":-1.37963,"v":3.16681e-35,"w":0.00166893}