{"x":-0.000777239,"y":-0.00279923,"heading":1.67175,"v":-0.00361614,"w":0.881672}