{"x":1.32214,"y":0.688333,"heading":-9.03236,"v":0.686778,"w":0.829697}