{"x":0.00374958,"y":-0.00387115,"heading":-1.66453,"v":0.0199574,"w":-0.463009}