{"x":0.0216408,"y":-0.329703,"heading":-1.37962,"v":5.03145e-36,"w":-0.000476837}