{"x":0.0216384,"y":-0.329738,"heading":-1.29984,"v":1.66396e-37,"w":0.00429153}