{"x":0.0206319,"y":-0.328681,"heading":0.150743,"v":0.00237465,"w":-0.839621}