{"x":0.00421019,"y":-0.00145845,"heading":-2.21453,"v":0.00443144,"w":0.872135}