{"x":0.123075,"y":0.0321218,"heading":0.899152,"v":0.0123947,"w":0.892043}