{"x":0.113337,"y":0.0265994,"heading":12.869,"v":0.0118498,"w":0.944138}