{"x":0.0216384,"y":-0.329738,"heading":-1.29988,"v":8.6083e-38,"w":0.0038147}