{"x":0.0216408,"y":-0.329703,"heading":-1.37959,"v":6.58382e-36,"w":-0.0038147}