{"x":0.00409015,"y":-0.000541732,"heading":-2.78813,"v":-0.000268766,"w":0.957489}