{"x":0,"y":0,"heading":-0.000156563,"v":0,"w":0.000133121}