{"x":0.0216408,"y":-0.329703,"heading":-1.37966,"v":4.18517e-34,"w":0.00286102}