{"x":0,"y":0,"heading":0.000430351,"v":0,"w":0.00423437}