{"x":0.00196348,"y":-0.00214794,"heading":-0.0461336,"v":0.00174909,"w":0.00389665}