{"x":0.11734,"y":0.0274674,"heading":0.498069,"v":0.037915,"w":0.912368}