{"x":3.70491,"y":-1.24662,"heading":-7.21375,"v":-1.01178,"w":-1.07956}