{"x":0.92914,"y":0.817538,"heading":-9.62491,"v":-0.754836,"w":0.34523}