{"x":2.50121,"y":-0.684045,"heading":-8.82638,"v":1.02245,"w":0.0419617}