{"x":0.2857,"y":0.0506475,"heading":0.187454,"v":0.154879,"w":0.0220835}