{"x":0.0186849,"y":-0.329103,"heading":1.47397,"v":4.07151e-36,"w":0.0026226}