{"x":0.00112211,"y":-7.71408e-05,"heading":0.641196,"v":-0.0036125,"w":0.953197}