{"x":0.020941,"y":-0.328509,"heading":-0.699757,"v":0.000500731,"w":-0.798345}