{"x":0.255129,"y":0.0447997,"heading":0.191189,"v":0.0939001,"w":0.0786483}