{"x":0.00196737,"y":-0.00214811,"heading":-0.0461101,"v":-1.01907e-36,"w":9.68575e-05}