{"x":2.317,"y":-0.234625,"heading":-1.35119,"v":0.12326,"w":-0.870466}