{"x":0.0232245,"y":-0.331705,"heading":-0.988045,"v":0.00123833,"w":-0.163198}