{"x":0.00196737,"y":-0.00214811,"heading":-0.0461739,"v":-4.53784e-38,"w":0.000946224}