{"x":0.0216384,"y":-0.329738,"heading":-1.29984,"v":-4.66062e-36,"w":0.000238419}