{"x":2.29182,"y":0.459564,"heading":-6.68162,"v":-0.262937,"w":-0.97084}