{"x":0.104713,"y":0.0605593,"heading":15.8947,"v":0.00925252,"w":1.17493}