{"x":0.00196737,"y":-0.00214811,"heading":-0.0461034,"v":9.44267e-37,"w":-0.000290573}