{"x":0.0931433,"y":0.0513545,"heading":10.5067,"v":0.0100423,"w":0.972748}