{"x":0.258947,"y":0.0455428,"heading":0.187684,"v":-3.14048e-06,"w":-0.0064373}