{"x":-0.0042411,"y":-0.00205003,"heading":3.08319,"v":6.42673e-19,"w":-0.00143051}