{"x":0.00196737,"y":-0.00214811,"heading":-0.0461231,"v":-4.83063e-37,"w":0.00304729}