{"x":0,"y":0,"heading":-0.00186221,"v":0,"w":0.00286289}