{"x":0.00223019,"y":-0.0014195,"heading":-3.0487,"v":2.62319e-36,"w":0.00429153}