{"x":0.0216408,"y":-0.329703,"heading":-1.37961,"v":3.34344e-37,"w":0.000715256}