{"x":0.0216384,"y":-0.329738,"heading":-1.29985,"v":-2.78195e-37,"w":0.000476837}