{"x":0.258947,"y":0.0455428,"heading":0.187711,"v":-1.0046e-08,"w":0.00604987}