{"x":0.00381797,"y":-0.0027982,"heading":-0.904386,"v":-0.00135005,"w":0.832677}