{"x":0,"y":0,"heading":-5.73538e-05,"v":0,"w":-0.000225751}