{"x":2.24038,"y":-1.58738,"heading":-10.5657,"v":5.06433e-07,"w":0.00190735}