{"x":-0.151829,"y":-0.900424,"heading":5.92301,"v":-0.719366,"w":-0.0648498}