{"x":1.20126,"y":-1.4949,"heading":2.33307,"v":0.25779,"w":0.357628}