{"x":0.0974988,"y":-0.752527,"heading":-2.50941,"v":-0.462741,"w":0.799179}