{"x":-0.0354694,"y":-0.829248,"heading":-2.88425,"v":0.345898,"w":-0.449181}