{"x":0,"y":0,"heading":1.48509e-05,"v":0,"w":-0.00322841}