{"x":0.17989,"y":-0.604222,"heading":-1.3286,"v":0.0770079,"w":-1.10054}