{"x":1.89473,"y":-2.69321,"heading":1.42653,"v":-0.0512378,"w":-0.0317097}