{"x":0.228019,"y":-1.0214,"heading":5.94255,"v":0.164443,"w":-0.0705719}