{"x":-0.0792103,"y":-0.839529,"heading":-2.93459,"v":0.000473315,"w":-0.111103}