{"x":1.66817,"y":-3.02787,"heading":0.653771,"v":0.29982,"w":0.962138}