{"x":-0.0475202,"y":-1.0055,"heading":6.64137,"v":-4.66435e-08,"w":-0.00572205}