{"x":0.144106,"y":-0.732667,"heading":-2.223,"v":0.202204,"w":-0.643253}