{"x":0.833401,"y":-0.0925989,"heading":-0.0332191,"v":0.791059,"w":0.553958}