{"x":-0.207489,"y":-0.764566,"heading":3.18543,"v":0.228393,"w":0.895977}