{"x":1.09767,"y":-1.41967,"heading":2.7105,"v":0.135243,"w":0.438213}