{"x":1.02472,"y":-0.0880446,"heading":0.263937,"v":-0.319623,"w":0.545621}