{"x":1.88889,"y":-2.86724,"heading":1.6366,"v":0.614398,"w":-0.716925}