{"x":0.327217,"y":-0.384916,"heading":-1.8385,"v":0.12352,"w":0.146151}