{"x":0.643481,"y":-1.27014,"heading":-0.947306,"v":-0.764637,"w":0.13566}