{"x":1.3707,"y":-3.09123,"heading":-0.0739885,"v":0.580098,"w":0.582829}