{"x":1.10834,"y":-1.42482,"heading":2.67236,"v":0.153862,"w":0.457764}