{"x":-0.360902,"y":-0.815241,"heading":3.73635,"v":0.24828,"w":0.874519}