{"x":0.0128297,"y":-0.804615,"heading":-2.66722,"v":-0.519646,"w":0.850201}