{"x":2.49461,"y":-2.60138,"heading":2.12168,"v":-0.0101636,"w":0.972271}