{"x":1.95773,"y":-2.65276,"heading":0.22279,"v":0.142338,"w":-0.961065}