{"x":1.81071,"y":-3.08295,"heading":1.96007,"v":0.176775,"w":0.538826}