{"x":1.81617,"y":-3.12381,"heading":1.446,"v":0.0538314,"w":0.517368}