{"x":-0.4253,"y":-1.01896,"heading":5.22311,"v":0.149719,"w":0.959396}