{"x":0.179272,"y":-0.90194,"heading":-2.01914,"v":0.106372,"w":-0.37384}