{"x":0.544491,"y":-1.13534,"heading":-0.933543,"v":-0.97552,"w":-0.00488758}