{"x":0.536615,"y":-0.294456,"heading":-0.406123,"v":0.0651239,"w":-0.890076}