{"x":2.50597,"y":-2.69571,"heading":0.973028,"v":0.0253894,"w":1.0829}