{"x":0.599065,"y":-0.603087,"heading":-1.54534,"v":0.608272,"w":-0.0553131}