{"x":0.600726,"y":-0.668413,"heading":-1.54433,"v":0.718246,"w":0.0531673}