{"x":-0.23823,"y":-1.08485,"heading":6.60379,"v":0.181492,"w":0.634193}