{"x":0.151698,"y":-0.947762,"heading":-2.20137,"v":0.182477,"w":-0.53072}