{"x":0.0279389,"y":-0.000380848,"heading":-0.0217555,"v":0.299783,"w":-0.126906}