{"x":0.240662,"y":-0.700959,"heading":-1.00853,"v":-0.583296,"w":-0.206709}