{"x":0.172648,"y":-0.914857,"heading":-2.07064,"v":0.12349,"w":-0.473499}