{"x":-0.598622,"y":-2.52513,"heading":-0.748393,"v":0.295967,"w":0.590563}