{"x":2.50815,"y":-2.67043,"heading":1.64537,"v":0.0334995,"w":-0.00405312}