{"x":0.518554,"y":-0.289791,"heading":-0.0534515,"v":0.0227357,"w":-1.04138}