{"x":0.230936,"y":-0.014473,"heading":-0.116211,"v":0.744997,"w":-0.286564}