{"x":2.01286,"y":-2.64904,"heading":-0.0273992,"v":0.121648,"w":-0.188082}