{"x":0.438193,"y":-0.311019,"heading":0.402588,"v":3.51178e-06,"w":-0.00166893}