{"x":-0.024042,"y":-0.821988,"heading":-2.73896,"v":-0.374747,"w":0.777721}