{"x":-0.551012,"y":-1.726,"heading":-2.02528,"v":0.602636,"w":0.306606}