{"x":1.54565,"y":-3.08296,"heading":0.205003,"v":0.334694,"w":0.876188}