{"x":0.328536,"y":-0.380224,"heading":-1.84884,"v":0.020868,"w":0.0193119}