{"x":1.7669,"y":-2.90184,"heading":1.51162,"v":0.270652,"w":-0.932932}