{"x":-0.442029,"y":-2.6353,"heading":-0.510485,"v":0.696958,"w":0.556111}