{"x":-0.00175195,"y":-0.819497,"heading":-2.83417,"v":0.407142,"w":-0.657558}