{"x":2.3381,"y":-2.51424,"heading":2.61596,"v":0.231568,"w":-0.273704}