{"x":1.77219,"y":-2.87747,"heading":1.28056,"v":0.29683,"w":0.996351}