{"x":0.183313,"y":-0.893196,"heading":-1.98485,"v":0.0483729,"w":-0.324488}