{"x":-0.0719267,"y":-0.79038,"heading":2.74989,"v":0.258235,"w":0.744343}