{"x":0.792572,"y":-0.167101,"heading":0.366598,"v":-0.887782,"w":0.126421}