{"x":2.40139,"y":-2.54902,"heading":2.64515,"v":0.267063,"w":0.0286102}