{"x":1.85425,"y":-2.94213,"heading":1.94189,"v":-0.974892,"w":0.633478}