{"x":2.5028,"y":-2.69956,"heading":0.811901,"v":0.0715096,"w":1.36197}