{"x":0.00708009,"y":-3.7336e-05,"heading":-0.0108192,"v":0.11477,"w":-0.157798}