{"x":1.0439,"y":-3.03208,"heading":-0.227461,"v":0.931002,"w":0.0563562}