{"x":0.153669,"y":-0.719112,"heading":-2.13757,"v":0.165821,"w":-0.760555}