{"x":0.711127,"y":-1.20422,"heading":5.9648,"v":-0.397764,"w":0.0152588}