{"x":-0.401593,"y":-0.805849,"heading":5.91776,"v":8.66467e-12,"w":0.00190735}