{"x":-0.284026,"y":-1.09582,"heading":6.39025,"v":0.140571,"w":1.02425}