{"x":0.0659617,"y":-0.985574,"heading":6.27451,"v":0.22842,"w":-0.656128}