{"x":0.000411074,"y":-6.647e-08,"heading":-0.000280972,"v":0.0417229,"w":-0.026083}