{"x":1.81714,"y":-3.10997,"heading":1.57756,"v":0.0269873,"w":0.850916}