{"x":2.48763,"y":-2.71037,"heading":0.457742,"v":0.102216,"w":1.06329}