{"x":0.465729,"y":-0.300709,"heading":0.312926,"v":0.154363,"w":-0.425398}