{"x":1.89186,"y":-2.71221,"heading":1.41618,"v":-0.354531,"w":-0.162601}