{"x":-0.0409162,"y":-1.00314,"heading":6.61325,"v":0.141965,"w":-0.354767}