{"x":-0.40247,"y":-0.805514,"heading":5.91863,"v":-0.0152581,"w":-0.00667572}