{"x":0.95625,"y":-1.37305,"heading":2.86954,"v":0.521924,"w":0.21553}