{"x":0.179748,"y":-0.599521,"heading":-1.0613,"v":0.000114801,"w":0.00143051}