{"x":1.7889,"y":-2.7129,"heading":1.63347,"v":0.202725,"w":0.668049}