{"x":0.404105,"y":-1.19419,"heading":2.5399,"v":0.426069,"w":-0.706673}