{"x":0.513923,"y":-0.289762,"heading":0.0427412,"v":0.046982,"w":-1.11587}