{"x":-0.0472473,"y":-1.0054,"heading":6.63934,"v":0.0357616,"w":-0.116348}