{"x":-0.341555,"y":-0.803207,"heading":3.65824,"v":0.240971,"w":0.74482}