{"x":-0.0771711,"y":-0.839098,"heading":-2.93336,"v":0.0715091,"w":-0.0686645}