{"x":0.44365,"y":-0.308754,"heading":0.385252,"v":0.0824477,"w":-0.25177}