{"x":2.47179,"y":-2.58753,"heading":2.65155,"v":0.000342482,"w":0.0238419}