{"x":2.49488,"y":-2.6018,"heading":2.21337,"v":-0.0109286,"w":0.9408}