{"x":2.50799,"y":-2.69144,"heading":1.34093,"v":0.0189946,"w":1.01185}