{"x":0.325172,"y":-1.13145,"heading":2.41533,"v":0.576166,"w":-0.509262}