{"x":2.38965,"y":-2.73084,"heading":0.0141846,"v":0.212335,"w":0.742214}