{"x":2.11247,"y":-2.29124,"heading":2.49351,"v":0.347225,"w":0.151634}