{"x":1.90356,"y":-2.97797,"heading":1.76885,"v":0.59126,"w":-0.764131}