{"x":2.49899,"y":-2.61655,"heading":1.83036,"v":0.13808,"w":0.546932}