{"x":-0.573889,"y":-2.54682,"heading":-0.689221,"v":0.437589,"w":0.627875}