{"x":0.17919,"y":-0.598525,"heading":-1.05926,"v":-0.000117061,"w":0.0128746}