{"x":0.480482,"y":-0.29629,"heading":0.26709,"v":0.174682,"w":-0.566125}