{"x":0.0127439,"y":-1.0916,"heading":-2.3871,"v":0.58949,"w":-0.155926}