{"x":-0.131039,"y":-1.22276,"heading":-2.40973,"v":0.588411,"w":-0.0486374}