{"x":1.96648,"y":-3.17355,"heading":1.99745,"v":0.230669,"w":-0.475168}