{"x":0.138671,"y":-0.994503,"heading":6.05081,"v":0.104735,"w":-0.380516}