{"x":0.325088,"y":-0.39224,"heading":-1.84996,"v":-0.158509,"w":0.00333786}