{"x":-0.40854,"y":-1.04314,"heading":5.40794,"v":0.217909,"w":0.907898}