{"x":0.0941277,"y":-0.776432,"heading":-2.56812,"v":0.290666,"w":-1.0457}