{"x":1.89418,"y":-2.92133,"heading":1.70102,"v":0.628922,"w":-0.737667}