{"x":0.179187,"y":-0.59852,"heading":-1.05794,"v":-0.0031399,"w":-0.0388622}