{"x":2.14239,"y":-2.31474,"heading":2.43978,"v":-0.000214455,"w":0.00238419}