{"x":1.88809,"y":-2.76731,"heading":1.52389,"v":0.471157,"w":-0.541449}