{"x":1.08494,"y":-1.41415,"heading":2.7542,"v":0.154386,"w":0.490189}