{"x":0.522208,"y":-0.290152,"heading":-0.143199,"v":0.0286582,"w":-1.05029}