{"x":2.48371,"y":-2.59428,"heading":2.60041,"v":0.0810281,"w":0.246525}