{"x":1.84058,"y":-3.00357,"heading":1.37899,"v":-0.681393,"w":-0.0998974}