{"x":0.115236,"y":-0.761297,"heading":-2.47172,"v":0.188786,"w":-0.79155}