{"x":-0.0475202,"y":-1.0055,"heading":6.64137,"v":2.43215e-08,"w":-0.00286102}