{"x":0.62482,"y":-1.1717,"heading":5.92716,"v":0.843501,"w":0.0667572}