{"x":0.579429,"y":-0.345728,"heading":-1.24149,"v":0.118273,"w":-0.676393}