{"x":-0.0966777,"y":-0.781151,"heading":2.81372,"v":0.29475,"w":0.664711}