{"x":0.543914,"y":-0.0610334,"heading":-0.156278,"v":0.790873,"w":0.148147}