{"x":1.89494,"y":-2.69171,"heading":1.42676,"v":-0.0101893,"w":-0.0357628}