{"x":-0.340146,"y":-1.09005,"heading":5.99087,"v":0.1831,"w":1.21689}