{"x":-0.00457334,"y":-0.825376,"heading":2.5787,"v":0.290785,"w":0.59557}