{"x":2.16528,"y":-2.33616,"heading":2.33939,"v":0.123384,"w":0.452518}