{"x":1.27082,"y":-3.0791,"heading":-0.160607,"v":0.695794,"w":0.431389}