{"x":-0.0507829,"y":-1.00673,"heading":6.65024,"v":2.49561e-06,"w":-0.00190735}