{"x":1.96236,"y":-3.16427,"heading":1.97961,"v":0.388691,"w":-0.64373}