{"x":1.64765,"y":-3.04223,"heading":0.566861,"v":0.283425,"w":0.99051}