{"x":0.328501,"y":-0.380344,"heading":-1.85011,"v":0.000849608,"w":-0.00405312}