{"x":0.315977,"y":-0.427838,"heading":-1.82411,"v":0.436954,"w":0.0214577}