{"x":1.42118,"y":-3.09344,"heading":-0.0123192,"v":0.552058,"w":0.690456}