{"x":0.257936,"y":-0.648039,"heading":-1.8364,"v":0.584886,"w":-0.0498295}