{"x":-0.640229,"y":-1.93213,"heading":-1.93214,"v":0.60459,"w":0.324964}