{"x":0.593153,"y":-0.410278,"heading":-1.47312,"v":0.129331,"w":-0.37694}