{"x":0.47263,"y":-1.23407,"heading":2.69174,"v":0.44334,"w":-0.653744}