{"x":2.49357,"y":-2.70706,"heading":0.561293,"v":0.0540797,"w":1.32036}