{"x":0.621928,"y":-1.03996,"heading":-1.44966,"v":0.865377,"w":0.520229}