{"x":0.100316,"y":-0.908433,"heading":2.38681,"v":0.457815,"w":0.388145}