{"x":2.14239,"y":-2.31474,"heading":2.44139,"v":0.0129179,"w":0.0295639}