{"x":2.46063,"y":-2.58152,"heading":2.64653,"v":0.180954,"w":-0.0510216}