{"x":1.92426,"y":-2.66334,"heading":0.37472,"v":0.204793,"w":-0.665963}