{"x":1.82236,"y":-3.09548,"heading":1.37096,"v":-0.345992,"w":-0.0202656}