{"x":1.81696,"y":-3.1053,"heading":1.64547,"v":0.00639544,"w":0.913382}