{"x":-0.426892,"y":-1.51819,"heading":-2.21931,"v":0.473031,"w":0.551701}