{"x":-0.718275,"y":-2.22911,"heading":-1.65752,"v":0.4261,"w":0.806093}