{"x":0,"y":0,"heading":-2.44024e-06,"v":0,"w":0.00123377}