{"x":2.22505,"y":-2.41689,"heading":2.1997,"v":0.1695,"w":-0.520706}