{"x":2.49417,"y":-2.601,"heading":2.30331,"v":0.0148979,"w":0.995636}