{"x":-0.539954,"y":-2.57306,"heading":-0.629803,"v":0.570457,"w":0.673652}