{"x":-0.620549,"y":-1.88198,"heading":-1.95757,"v":0.602863,"w":0.300169}