{"x":-0.694361,"y":-2.39767,"heading":-1.1593,"v":0.343124,"w":1.04141}