{"x":-0.167822,"y":-1.05503,"heading":6.69709,"v":0.244258,"w":-0.0953674}