{"x":-0.401593,"y":-0.805849,"heading":5.91771,"v":3.63942e-08,"w":0.000953674}