{"x":2.23554,"y":-2.43056,"heading":2.25232,"v":0.198145,"w":-0.638962}