{"x":0.668715,"y":-1.19026,"heading":5.96455,"v":-0.563987,"w":-0.0715256}