{"x":-0.712711,"y":-2.34127,"heading":-1.35619,"v":0.342474,"w":1.08218}