{"x":1.88218,"y":-2.13171,"heading":2.54427,"v":0.570664,"w":-0.00667572}