{"x":0.00230831,"y":-3.04402e-06,"heading":-0.00244064,"v":0.0255606,"w":-0.022294}