{"x":1.04567,"y":-1.40002,"heading":2.82198,"v":0.35783,"w":0.206947}