{"x":-0.422864,"y":-0.872546,"heading":4.095,"v":0.191363,"w":1.18828}