{"x":0.38721,"y":-0.0361005,"heading":-0.151923,"v":0.833467,"w":-0.142097}