{"x":-0.477611,"y":-1.59223,"heading":-2.12881,"v":0.509178,"w":0.456333}