{"x":2.14234,"y":-2.31469,"heading":2.43954,"v":-0.000218075,"w":0.00572205}