{"x":0.0707007,"y":-0.881689,"heading":2.42979,"v":0.412599,"w":0.487804}