{"x":-0.396412,"y":-1.48003,"heading":-2.2697,"v":0.512063,"w":0.53215}