{"x":-0.401593,"y":-0.805849,"heading":5.91771,"v":9.93221e-12,"w":0.00190735}