{"x":-0.401593,"y":-0.805849,"heading":5.91774,"v":9.29093e-12,"w":0.00190735}