{"x":1.78823,"y":-2.77883,"heading":1.50326,"v":0.463808,"w":0.691891}