{"x":-0.401593,"y":-0.805849,"heading":5.91774,"v":3.25547e-09,"w":0}