{"x":0.182387,"y":-0.634924,"heading":-1.61955,"v":0.150533,"w":-1.06716}