{"x":-0.574561,"y":-1.7758,"heading":-2.00116,"v":0.652397,"w":0.255108}