{"x":2.50474,"y":-2.64262,"heading":1.74405,"v":0.113486,"w":0.44322}