{"x":0.613566,"y":-0.0715678,"heading":-0.141965,"v":0.796893,"w":0.177562}