{"x":0.89684,"y":-1.35711,"heading":2.88837,"v":0.628499,"w":0.173569}