{"x":0,"y":0,"heading":1.14996e-05,"v":0,"w":0.000298944}