{"x":0.837218,"y":-1.34207,"heading":2.89891,"v":0.680133,"w":0.0700951}