{"x":-0.401593,"y":-0.805849,"heading":5.91772,"v":1.0239e-11,"w":0.00286102}