{"x":-0.689736,"y":-2.08209,"heading":-1.84033,"v":0.550258,"w":0.394106}