{"x":1.51014,"y":-3.08881,"heading":0.125129,"v":0.428047,"w":0.819266}