{"x":1.89511,"y":-2.69054,"heading":1.42984,"v":-0.00324941,"w":-0.0598431}