{"x":2.49555,"y":-2.60473,"heading":1.88607,"v":0.101909,"w":0.74625}