{"x":1.60073,"y":-3.06647,"heading":0.387842,"v":0.282285,"w":0.997841}