{"x":1.1998,"y":-3.06618,"heading":-0.196615,"v":0.7576,"w":0.250101}