{"x":0.716674,"y":-1.31243,"heading":2.89818,"v":0.61377,"w":-0.0853538}