{"x":2.50225,"y":-2.63005,"heading":1.78671,"v":0.15126,"w":0.467539}