{"x":-0.666807,"y":-2.44752,"heading":-0.968938,"v":0.280938,"w":1.07193}