{"x":2.50817,"y":-2.67068,"heading":1.64526,"v":0.000790368,"w":-0.00858307}