{"x":2.20782,"y":-2.39109,"heading":2.14043,"v":0.06274,"w":0.168324}