{"x":0.187749,"y":-0.613494,"heading":-1.04417,"v":-0.157788,"w":-0.0669956}