{"x":0.170608,"y":-0.918527,"heading":-2.08562,"v":0.135305,"w":-0.483513}