{"x":0.132491,"y":-0.939725,"heading":2.3553,"v":0.53275,"w":0.257015}