{"x":1.83833,"y":-2.10177,"heading":2.54016,"v":0.586952,"w":-0.0991821}