{"x":-0.187282,"y":-0.764425,"heading":3.11091,"v":0.249402,"w":0.782967}