{"x":-0.0883851,"y":-1.18433,"heading":-2.40683,"v":0.664546,"w":-0.0400543}