{"x":1.75276,"y":-2.92623,"heading":1.10158,"v":0.271707,"w":1.00136}