{"x":-0.352771,"y":-1.08555,"heading":5.89185,"v":0.142011,"w":1.09005}