{"x":0.206098,"y":-1.01551,"heading":2.34017,"v":0.639111,"w":-0.141621}