{"x":1.04327,"y":-0.0833838,"heading":0.221875,"v":-0.161635,"w":0.403911}