{"x":0.0703736,"y":-0.771253,"heading":-2.56467,"v":-0.541527,"w":0.878334}