{"x":0.183419,"y":-0.605971,"heading":-1.05154,"v":-0.129162,"w":-0.077486}