{"x":2.2173,"y":-2.4058,"heading":2.16144,"v":0.136549,"w":-0.384331}