{"x":1.2454,"y":-1.5443,"heading":2.27807,"v":0.399422,"w":0.164509}