{"x":2.14241,"y":-2.31476,"heading":2.4399,"v":-0.000219838,"w":0.00143051}