{"x":0.0431527,"y":-2.82317,"heading":-0.256013,"v":0.591061,"w":0.255883}