{"x":0.179585,"y":-0.599228,"heading":-1.06038,"v":0.0437479,"w":-0.0216961}