{"x":0.130702,"y":-0.726448,"heading":-2.44598,"v":-0.551161,"w":0.834942}