{"x":2.50556,"y":-2.69629,"heading":0.937767,"v":0.0255772,"w":1.01864}