{"x":0.0832881,"y":-0.986187,"heading":6.2212,"v":0.166485,"w":-0.583649}