{"x":0.178191,"y":-0.596672,"heading":-1.07488,"v":-0.0650907,"w":-0.190496}