{"x":0.169079,"y":-0.690794,"heading":-1.98119,"v":0.159279,"w":-1.03879}