{"x":-0.417629,"y":-1.03122,"heading":5.31626,"v":0.123604,"w":0.892639}