{"x":1.05409,"y":-0.0811352,"heading":0.186286,"v":-0.00821362,"w":0.00557303}