{"x":-0.0507841,"y":-1.00674,"heading":6.65028,"v":0.000190551,"w":-0.00762939}