{"x":0.175928,"y":-0.592559,"heading":-1.15952,"v":0.0502175,"w":-0.727653}