{"x":2.50603,"y":-2.65071,"heading":1.71088,"v":0.104063,"w":0.23365}