{"x":0.293736,"y":-1.06144,"heading":5.94412,"v":-0.685447,"w":0.0162125}