{"x":1.74981,"y":-2.03935,"heading":2.51016,"v":0.602371,"w":-0.181675}