{"x":-0.364144,"y":-1.08018,"heading":5.78911,"v":0.146784,"w":1.12629}