{"x":0.748552,"y":-1.2167,"heading":5.94733,"v":-0.0401106,"w":0.225067}