{"x":0.0185059,"y":-0.84075,"heading":2.52987,"v":0.331089,"w":0.626564}