{"x":0.76254,"y":-0.0886369,"heading":-0.0783834,"v":0.790246,"w":0.423074}