{"x":2.14243,"y":-2.31478,"heading":2.44004,"v":-0.000218487,"w":0.0281334}