{"x":0.464817,"y":-0.0483141,"heading":-0.159595,"v":0.807806,"w":-0.0728667}