{"x":-0.386995,"y":-1.06477,"heading":5.59118,"v":0.168032,"w":1.0252}