{"x":1.88707,"y":-2.81611,"heading":1.57694,"v":0.565678,"w":-0.639915}