{"x":1.81391,"y":-3.13758,"heading":1.37885,"v":0.00251035,"w":0.00810623}