{"x":1.72585,"y":-2.96954,"heading":0.926239,"v":0.297198,"w":0.920653}