{"x":-0.717889,"y":-2.31054,"heading":-1.45509,"v":0.327659,"w":1.10221}