{"x":-0.102696,"y":-1.0276,"heading":6.67175,"v":0.24952,"w":-0.0514984}