{"x":0.542402,"y":-0.297347,"heading":-0.491605,"v":0.0688175,"w":-0.977337}