{"x":0.595608,"y":-0.470697,"heading":-1.54498,"v":0.396568,"w":0.000953674}