{"x":-0.0783903,"y":-0.839357,"heading":-2.93649,"v":-0.00489489,"w":-0.00905991}