{"x":-0.401593,"y":-0.805849,"heading":5.91773,"v":1.04379e-11,"w":-0.00572205}