{"x":0.16829,"y":-0.922548,"heading":-2.1011,"v":0.148602,"w":-0.48542}