{"x":-0.263705,"y":-1.09214,"heading":6.51833,"v":0.211305,"w":0.668526}