{"x":0.18238,"y":-0.621488,"heading":-1.5244,"v":0.111882,"w":-1.08075}