{"x":0.0542298,"y":-0.781429,"heading":-2.59476,"v":-0.45451,"w":0.789642}