{"x":-0.254695,"y":-1.33501,"heading":-2.3919,"v":0.612036,"w":0.127316}