{"x":1.794,"y":-3.04659,"heading":1.99462,"v":0.131223,"w":-0.411987}