{"x":1.9987,"y":-2.6489,"heading":0.00832231,"v":0.179034,"w":-0.426454}