{"x":-0.401593,"y":-0.805849,"heading":5.91771,"v":8.72969e-12,"w":0.00286102}