{"x":1.92689,"y":-2.162,"heading":2.54734,"v":0.592817,"w":0.00953674}