{"x":0.246669,"y":-1.05681,"heading":2.35632,"v":0.618748,"w":-0.204563}