{"x":0.323814,"y":-0.397709,"heading":-1.82662,"v":0.189062,"w":0.0488758}