{"x":0.294149,"y":-0.492152,"heading":-1.90993,"v":-0.310414,"w":0.343323}