{"x":1.95718,"y":-3.15197,"heading":1.96162,"v":0.386221,"w":-0.465631}