{"x":1.78006,"y":-2.82964,"heading":1.27021,"v":0.220479,"w":-0.880241}