{"x":1.81368,"y":-3.13879,"heading":1.37733,"v":2.34742e-05,"w":-0.00166893}