{"x":0.68193,"y":-1.32444,"heading":-0.961484,"v":-0.636301,"w":0.105739}