{"x":0.518897,"y":-2.92003,"heading":-0.187428,"v":0.871346,"w":-0.0239611}