{"x":0.51376,"y":-0.27958,"heading":0.390782,"v":-0.603968,"w":-0.0240207}