{"x":-0.704662,"y":-2.37067,"heading":-1.25414,"v":0.310319,"w":1.00136}