{"x":1.76642,"y":-2.92475,"heading":1.5889,"v":0.258874,"w":-0.900745}