{"x":2.49405,"y":-2.60048,"heading":1.9579,"v":0.0168458,"w":0.882626}