{"x":0.556339,"y":-0.307039,"heading":-0.733428,"v":0.0641333,"w":-0.937343}