{"x":1.81688,"y":-3.11667,"heading":1.50005,"v":0.105324,"w":0.639439}