{"x":1.51046,"y":-1.83983,"heading":2.37248,"v":0.595847,"w":-0.28038}