{"x":-0.494398,"y":-2.60405,"heading":-0.567555,"v":0.610742,"w":0.685215}