{"x":-0.453648,"y":-1.55547,"heading":-2.16992,"v":0.522774,"w":0.495434}