{"x":0.726468,"y":-1.38942,"heading":-1.00943,"v":0.151861,"w":0.417232}