{"x":1.81682,"y":-3.10379,"heading":1.6729,"v":0.0825497,"w":0.862598}