{"x":-0.0824488,"y":-1.01937,"heading":6.66716,"v":0.245221,"w":-0.0839233}