{"x":1.93111,"y":-3.08136,"heading":1.89051,"v":0.557046,"w":-0.506878}