{"x":1.94248,"y":-2.65694,"heading":0.303919,"v":0.181797,"w":-0.801861}