{"x":0.178002,"y":-0.597901,"heading":-1.23783,"v":0.0595233,"w":-0.905275}