{"x":0.613757,"y":-0.957626,"heading":-1.49209,"v":0.821949,"w":0.396013}