{"x":2.49332,"y":-2.60032,"heading":2.54013,"v":0.0365985,"w":0.516415}