{"x":0.304274,"y":-0.473432,"heading":-1.82148,"v":0.54108,"w":0.00166893}