{"x":0.179186,"y":-0.598516,"heading":-1.05991,"v":8.55569e-07,"w":-0.00405312}