{"x":2.44214,"y":-2.72543,"heading":0.182292,"v":0.145833,"w":0.477344}