{"x":0.100269,"y":-0.993036,"heading":5.93914,"v":-0.767145,"w":-0.0915527}