{"x":1.77363,"y":-2.85383,"heading":1.35277,"v":0.276339,"w":-0.891924}