{"x":0.714048,"y":-1.36799,"heading":-1.07979,"v":0.494042,"w":0.980616}