{"x":2.35832,"y":-2.52565,"heading":2.63645,"v":0.273645,"w":-0.150204}