{"x":0.190568,"y":-0.668965,"heading":-2.30268,"v":-0.45237,"w":0.738144}