{"x":2.20347,"y":-2.38442,"heading":2.15333,"v":0.143574,"w":0.0038147}