{"x":2.50863,"y":-2.67892,"heading":1.60809,"v":0.0524177,"w":0.32115}