{"x":-0.675512,"y":-2.03391,"heading":-1.87541,"v":0.549754,"w":0.365496}