{"x":0.127548,"y":-0.992172,"heading":6.08234,"v":0.1292,"w":-0.423431}