{"x":1.98175,"y":-2.64944,"heading":0.0587289,"v":0.183111,"w":-0.77711}