{"x":-0.401593,"y":-0.805849,"heading":5.91773,"v":7.75871e-12,"w":0.00286102}