{"x":2.50817,"y":-2.67069,"heading":1.6458,"v":0.00766687,"w":-0.0302792}