{"x":1.80907,"y":-2.76501,"heading":1.02641,"v":0.243772,"w":-0.904083}