{"x":0.0076271,"y":-0.990487,"heading":6.46052,"v":0.199591,"w":-0.613213}