{"x":-0.212479,"y":-1.29614,"heading":-2.40308,"v":0.610489,"w":0.129223}