{"x":-0.401593,"y":-0.805849,"heading":5.91772,"v":9.364e-12,"w":-0.00476837}