{"x":1.76933,"y":-2.87754,"heading":1.43197,"v":0.262251,"w":-0.862837}