{"x":0.190789,"y":-1.00907,"heading":5.985,"v":0.132462,"w":-0.219345}