{"x":0.546449,"y":-1.14218,"heading":5.91956,"v":0.915011,"w":0.0104904}