{"x":0.178048,"y":-1.00528,"heading":6.00029,"v":0.142024,"w":-0.0276566}