{"x":0.208154,"y":-0.82213,"heading":-1.87282,"v":0.417185,"w":-0.235081}