{"x":1.81368,"y":-3.13876,"heading":1.37728,"v":0.00182193,"w":0.00524521}