{"x":1.88098,"y":-2.68541,"heading":0.602493,"v":0.174059,"w":-1.07372}