{"x":2.19329,"y":-2.36958,"heading":2.19844,"v":0.106464,"w":0.341892}