{"x":1.40262,"y":-1.72834,"heading":2.30732,"v":0.568324,"w":-0.170708}