{"x":0.728021,"y":-0.192335,"heading":0.377887,"v":-0.828361,"w":0.139058}