{"x":-0.401593,"y":-0.805849,"heading":5.9177,"v":1.4205e-11,"w":-0.0038147}