{"x":-0.401591,"y":-0.805849,"heading":5.91772,"v":-0.00370145,"w":0.00476837}