{"x":0.439231,"y":-0.310577,"heading":0.399369,"v":0.000639252,"w":-0.0495315}