{"x":0.687789,"y":-0.0812703,"heading":-0.116542,"v":0.859009,"w":0.317633}