{"x":2.50817,"y":-2.67068,"heading":1.64525,"v":5.14954e-05,"w":0.00715256}