{"x":-0.0635899,"y":-1.01181,"heading":6.66265,"v":0.209254,"w":-0.0333786}