{"x":0.738435,"y":-1.21327,"heading":5.96035,"v":-0.254965,"w":0.149727}