{"x":1.83073,"y":-3.05374,"heading":1.37545,"v":-0.512059,"w":-0.0314712}