{"x":0.0497518,"y":-1.05629,"heading":-2.37133,"v":0.537026,"w":-0.188351}