{"x":2.18111,"y":-2.35386,"heading":2.26293,"v":0.124442,"w":0.39196}