{"x":0.903033,"y":-0.0932483,"heading":0.013775,"v":0.748015,"w":0.495018}