{"x":0.567924,"y":-0.320417,"heading":-0.985461,"v":0.073959,"w":-0.999093}