{"x":-0.070524,"y":-0.837572,"heading":-2.90162,"v":-0.155687,"w":0.549793}