{"x":-0.0508118,"y":-1.00675,"heading":6.65224,"v":0.00499694,"w":-0.0247955}