{"x":1.27243,"y":-1.57636,"heading":2.26729,"v":0.412063,"w":0.0796318}