{"x":2.44584,"y":-2.57341,"heading":2.63596,"v":0.212935,"w":0.0548363}