{"x":0.57096,"y":-0.32543,"heading":-1.07028,"v":0.0593953,"w":-0.934362}