{"x":-0.0916661,"y":-0.922888,"heading":5.92796,"v":-0.758845,"w":-0.082016}