{"x":0.179185,"y":-0.598516,"heading":-1.05987,"v":5.10414e-05,"w":-0.00953674}