{"x":1.66565,"y":-1.97541,"heading":2.47231,"v":0.565581,"w":-0.231266}