{"x":-0.398189,"y":-0.845106,"heading":3.89582,"v":0.248033,"w":0.87738}