{"x":-0.253987,"y":-0.770311,"heading":3.34339,"v":0.23969,"w":0.867844}