{"x":0.174382,"y":-0.911628,"heading":-2.05558,"v":0.114994,"w":-0.429153}