{"x":2.47763,"y":-2.59075,"heading":2.62758,"v":0.0690963,"w":0.249386}