{"x":-0.501909,"y":-1.63288,"heading":-2.09135,"v":0.49064,"w":0.43869}