{"x":2.01683,"y":-2.64917,"heading":-0.0445996,"v":0.108286,"w":-0.519916}