{"x":0.168804,"y":-0.976834,"heading":2.33836,"v":0.57546,"w":0.0691414}