{"x":0.633165,"y":-1.11598,"heading":-1.39673,"v":0.887717,"w":0.696897}