{"x":-0.720014,"y":-2.27871,"heading":-1.5473,"v":0.375864,"w":0.951052}