{"x":2.43125,"y":-2.72723,"heading":0.150514,"v":0.132699,"w":0.23374}