{"x":1.78963,"y":-2.73908,"heading":1.57026,"v":0.337881,"w":0.671863}