{"x":1.7791,"y":-2.8495,"heading":1.37115,"v":0.3523,"w":0.750542}