{"x":1.97893,"y":-3.1988,"heading":2.07799,"v":0.0351114,"w":-0.0748634}