{"x":-0.0288011,"y":-0.946064,"heading":5.93093,"v":-0.782647,"w":-0.0219345}