{"x":-0.0542603,"y":-1.00809,"heading":6.65941,"v":0.0362273,"w":-0.212669}