{"x":0.105432,"y":-2.83863,"heading":-0.231512,"v":0.745548,"w":0.265598}