{"x":0.111203,"y":-0.00372746,"heading":-0.0597446,"v":0.56517,"w":-0.29102}