{"x":-0.223304,"y":-0.873638,"heading":5.92729,"v":-0.362946,"w":-0.0600815}