{"x":0.215764,"y":-0.660719,"heading":-1.02515,"v":-0.422865,"w":-0.12517}