{"x":2.47183,"y":-2.58755,"heading":2.64974,"v":0.00425462,"w":0.0910759}