{"x":1.76375,"y":-2.90189,"heading":1.19285,"v":0.27537,"w":1.02115}