{"x":2.49837,"y":-2.70359,"heading":0.683596,"v":0.0610329,"w":1.43039}