{"x":2.49411,"y":-2.60094,"heading":2.40167,"v":0.00251059,"w":0.879764}