{"x":2.50745,"y":-2.66236,"heading":1.66961,"v":0.00608049,"w":0.0760555}