{"x":0.445202,"y":-0.30807,"heading":0.398041,"v":-0.190137,"w":0.0134706}