{"x":0.691676,"y":-1.32133,"heading":-1.16526,"v":0.65277,"w":0.977755}