{"x":1.16218,"y":-1.45906,"heading":2.47549,"v":0.142573,"w":0.513554}