{"x":0.319665,"y":-2.88266,"heading":-0.185686,"v":0.886271,"w":0.0689924}