{"x":0.59482,"y":-0.441443,"heading":-1.54067,"v":0.244596,"w":-0.0994205}