{"x":0.649159,"y":-1.19241,"heading":-1.32949,"v":0.756678,"w":0.801802}