{"x":-0.194945,"y":-0.884181,"heading":5.92446,"v":-0.285639,"w":0.04673}