{"x":-0.296297,"y":-1.09656,"heading":6.29346,"v":0.129828,"w":1.14632}