{"x":-0.132983,"y":-2.77019,"heading":-0.330272,"v":0.727438,"w":0.2985}