{"x":0.113829,"y":-0.989595,"heading":6.12517,"v":0.157999,"w":-0.505447}