{"x":2.45509,"y":-2.72257,"heading":0.255942,"v":0.15296,"w":0.979841}