{"x":2.13534,"y":-2.67299,"heading":-0.272423,"v":0.479197,"w":-0.22614}