{"x":-0.224264,"y":-1.07981,"heading":6.65343,"v":0.15616,"w":0.504494}