{"x":2.20126,"y":-2.69241,"heading":-0.301436,"v":0.2129,"w":-0.0571609}