{"x":0.438192,"y":-0.31102,"heading":0.402599,"v":0.000246145,"w":0.00137091}