{"x":1.81566,"y":-3.09715,"heading":1.81551,"v":0.0722958,"w":0.935316}