{"x":0.0844363,"y":-0.761819,"heading":-2.53749,"v":-0.544533,"w":0.928879}