{"x":1.77606,"y":-2.99531,"heading":1.82047,"v":0.252569,"w":-0.711918}