{"x":0.453311,"y":-0.305001,"heading":0.354868,"v":0.132754,"w":-0.432551}