{"x":0.486497,"y":-1.12869,"heading":5.95046,"v":-0.711963,"w":-0.0295639}