{"x":1.89455,"y":-2.69462,"heading":1.44041,"v":0.0961053,"w":-0.241518}