{"x":0.421421,"y":-1.10619,"heading":5.95036,"v":-0.745692,"w":-0.00286102}