{"x":2.50778,"y":-2.66593,"heading":1.65954,"v":0.0243458,"w":-0.0331402}