{"x":0.328801,"y":-0.379294,"heading":-1.85057,"v":-0.0400409,"w":-0.000953674}