{"x":-0.231588,"y":-0.766618,"heading":3.26639,"v":0.262965,"w":0.891685}