{"x":-0.160791,"y":-0.76647,"heading":3.02014,"v":0.231704,"w":0.741959}