{"x":0,"y":0,"heading":1.98481e-05,"v":0,"w":-0.00133156}