{"x":0.775511,"y":-1.32695,"heading":2.90126,"v":0.671734,"w":-0.0224113}