{"x":0.463276,"y":-1.11033,"heading":5.91672,"v":0.896486,"w":-0.0600815}