{"x":0.438496,"y":-0.31089,"heading":0.402374,"v":0.0380008,"w":-0.0175238}