{"x":-0.074799,"y":-2.78928,"heading":-0.304735,"v":0.731272,"w":0.274658}