{"x":0.173058,"y":-1.00384,"heading":6.00424,"v":0.202342,"w":-0.134468}