{"x":2.50472,"y":-2.69739,"heading":0.896907,"v":0.0397148,"w":1.29127}