{"x":2.50698,"y":-2.65808,"heading":1.68658,"v":0.0603359,"w":0.28348}