{"x":0.312298,"y":-0.025061,"heading":-0.139668,"v":0.833971,"w":-0.217259}