{"x":1.1499,"y":-1.4499,"heading":2.52302,"v":0.16497,"w":0.567913}