{"x":0.284191,"y":-0.518857,"heading":-1.94853,"v":-0.314362,"w":0.530481}