{"x":0.685634,"y":-2.95257,"heading":-0.201412,"v":0.906537,"w":-0.138551}