{"x":2.0117,"y":-2.2195,"heading":2.5414,"v":0.527781,"w":0.113964}