{"x":2.49394,"y":-2.6002,"heading":2.03976,"v":-0.00422951,"w":0.930786}