{"x":0.436261,"y":-0.987545,"heading":-0.946269,"v":-1.02036,"w":-0.112176}