{"x":0.0999621,"y":-0.987692,"heading":6.1686,"v":0.166484,"w":-0.500679}