{"x":0.437194,"y":-0.311444,"heading":0.401587,"v":0.00555313,"w":0.0470877}