{"x":2.47178,"y":-2.58752,"heading":2.65192,"v":0.00450588,"w":-0.0143051}