{"x":1.82692,"y":-2.86524,"heading":1.8806,"v":-0.840535,"w":0.648498}