{"x":1.97149,"y":-3.1842,"heading":2.02183,"v":0.252578,"w":-0.353336}