{"x":0.652853,"y":-0.222526,"heading":0.385181,"v":-0.880286,"w":0.0627041}