{"x":2.37984,"y":-2.53738,"heading":2.64658,"v":0.257711,"w":-0.0519752}