{"x":-0.0287749,"y":-1.13014,"heading":-2.39891,"v":0.646585,"w":-0.114918}