{"x":1.76787,"y":-2.94917,"heading":1.66958,"v":0.271362,"w":-0.864983}