{"x":2.50839,"y":-2.674,"heading":1.63067,"v":0.0524681,"w":0.284195}