{"x":0.173944,"y":-0.678254,"heading":-1.9002,"v":0.14489,"w":-0.895739}