{"x":2.30336,"y":-2.49252,"heading":2.53749,"v":0.168594,"w":-0.497818}