{"x":0.178306,"y":-0.663242,"heading":-1.80705,"v":0.173566,"w":-0.985861}