{"x":-0.375608,"y":-1.07329,"heading":5.69143,"v":0.149306,"w":1.06239}