{"x":1.08935,"y":-1.41599,"heading":2.73955,"v":0.146,"w":0.451088}