{"x":1.04076,"y":-0.0834227,"heading":0.149381,"v":0.219326,"w":0.503451}