{"x":1.36868,"y":-1.69015,"heading":2.28859,"v":0.536068,"w":-0.186443}