{"x":0.469426,"y":-0.29794,"heading":0.394704,"v":-0.374811,"w":0.0683069}