{"x":2.27416,"y":-2.47026,"heading":2.43296,"v":0.19985,"w":-0.636578}