{"x":0.969187,"y":-0.0907241,"heading":0.0626175,"v":0.61596,"w":0.509351}