{"x":1.8049,"y":-3.06951,"heading":1.99552,"v":0.137737,"w":0.377417}