{"x":-0.431304,"y":-1.00699,"heading":5.13169,"v":0.183527,"w":0.997543}