{"x":-0.681291,"y":-2.42412,"heading":-1.06398,"v":0.322842,"w":1.07312}