{"x":-0.0608543,"y":-0.835456,"heading":-2.91571,"v":0.265544,"w":-0.220299}