{"x":1.81368,"y":-3.13879,"heading":1.37733,"v":0.00033054,"w":0.00667572}