{"x":0.240003,"y":-0.712556,"heading":-1.84517,"v":0.713847,"w":-0.0576973}