{"x":0.179222,"y":-0.598581,"heading":-1.0588,"v":0.000193806,"w":0.0264645}