{"x":-0.124547,"y":-1.03662,"heading":6.67692,"v":0.261703,"w":-0.041008}