{"x":2.35654,"y":-2.72966,"heading":-0.0777259,"v":0.279497,"w":0.768676}