{"x":0.176741,"y":-2.85454,"heading":-0.208757,"v":0.820268,"w":0.239402}