{"x":-0.0475202,"y":-1.0055,"heading":6.6414,"v":-5.62283e-06,"w":-0.00572205}