{"x":1.01288,"y":-0.0870171,"heading":0.108853,"v":0.403061,"w":0.449002}