{"x":0.18613,"y":-0.886483,"heading":-1.95527,"v":0.0985945,"w":-0.243664}