{"x":1.95596,"y":-3.15721,"heading":2.07025,"v":-0.617151,"w":0.206947}