{"x":0.3285,"y":-0.380348,"heading":-1.85024,"v":3.69415e-05,"w":0.000476837}