{"x":1.81648,"y":-3.10116,"heading":1.73131,"v":0.0586764,"w":0.991583}