{"x":-0.43671,"y":-0.993233,"heading":5.03158,"v":0.153137,"w":1.05762}