{"x":0.162867,"y":-0.70357,"heading":-2.0646,"v":0.113013,"w":-0.918865}