{"x":-0.380143,"y":-0.829443,"heading":3.81658,"v":0.274668,"w":0.851631}