{"x":-0.175005,"y":-0.765065,"heading":3.06494,"v":0.211242,"w":0.75531}