{"x":1.80779,"y":-2.79896,"heading":1.81968,"v":-0.644146,"w":0.600576}