{"x":1.33601,"y":-1.65219,"heading":2.2744,"v":0.527295,"w":-0.123978}