{"x":1.97448,"y":-3.19079,"heading":2.07739,"v":-0.25114,"w":-0.0762939}