{"x":1.7402,"y":-2.94857,"heading":1.01586,"v":0.277761,"w":0.983238}