{"x":0.597719,"y":-0.550701,"heading":-1.54487,"v":0.558858,"w":-0.0126362}