{"x":0.257533,"y":-0.575433,"heading":-2.07598,"v":-0.386793,"w":0.872612}