{"x":-0.709943,"y":-2.16876,"heading":-1.75309,"v":0.471105,"w":0.603199}