{"x":0.19023,"y":-0.875889,"heading":-1.92394,"v":0.143338,"w":-0.390291}