{"x":1.30192,"y":-1.61164,"heading":2.26742,"v":0.487153,"w":-0.0104904}