{"x":-0.384106,"y":-0.812544,"heading":5.91657,"v":-0.315021,"w":0.0171661}