{"x":0.596097,"y":-1.20509,"heading":-0.936604,"v":-0.908498,"w":0.106335}