{"x":-0.32516,"y":-1.09381,"heading":6.08659,"v":0.175148,"w":1.04904}