{"x":-0.25812,"y":-1.09074,"heading":6.53855,"v":0.171778,"w":0.597}