{"x":-0.71928,"y":-2.24279,"heading":-1.63165,"v":0.426306,"w":0.799894}