{"x":0.438193,"y":-0.311019,"heading":0.402571,"v":-6.89547e-07,"w":-0.00303984}