{"x":1.06963,"y":-1.40827,"heading":2.79616,"v":0.25796,"w":0.418663}