{"x":0.776287,"y":-2.97155,"heading":-0.210476,"v":0.909809,"w":-0.0527501}