{"x":1.05173,"y":-0.0815875,"heading":0.194696,"v":-0.0476477,"w":0.248075}