{"x":-0.331887,"y":-1.40953,"heading":-2.34877,"v":0.512221,"w":0.360489}