{"x":2.50751,"y":-2.69307,"heading":1.14698,"v":0.0314619,"w":1.05238}