{"x":0.128566,"y":-0.975884,"heading":-2.30745,"v":0.283562,"w":-0.333786}