{"x":0.605214,"y":-0.807048,"heading":-1.53018,"v":0.797383,"w":0.102997}