{"x":-0.212121,"y":-1.07482,"heading":6.68916,"v":0.150335,"w":0.315666}