{"x":-0.700835,"y":-2.12545,"heading":-1.80165,"v":0.462043,"w":0.491857}