{"x":1.79199,"y":-2.0696,"heading":2.52792,"v":0.561357,"w":-0.16737}