{"x":2.09658,"y":-2.66268,"heading":-0.24475,"v":0.348949,"w":-0.329286}