{"x":0.589674,"y":-0.385559,"heading":-1.3888,"v":0.154593,"w":-0.543833}