{"x":1.82185,"y":-2.74575,"heading":0.945377,"v":0.263613,"w":-0.749111}