{"x":2.15658,"y":-2.32752,"heading":2.37873,"v":0.120679,"w":0.384331}