{"x":0.21473,"y":-1.01673,"heading":5.95165,"v":0.111752,"w":-0.258446}