{"x":0.612633,"y":-1.17173,"heading":5.96301,"v":-0.723488,"w":-0.121117}