{"x":0.560987,"y":-0.311603,"heading":-0.821574,"v":0.0488683,"w":-0.957012}