{"x":1.81676,"y":-3.12321,"heading":1.37313,"v":-0.231044,"w":0.0219345}