{"x":1.87621,"y":-2.80695,"heading":1.4026,"v":-0.598391,"w":-0.020504}