{"x":1.80092,"y":-3.061,"heading":2.02014,"v":0.0856669,"w":0.27132}