{"x":-0.401593,"y":-0.805849,"heading":5.91775,"v":1.76717e-10,"w":0.00190735}