{"x":0.0471513,"y":-0.985964,"heading":6.33344,"v":0.242837,"w":-0.700951}