{"x":0.508559,"y":-0.29024,"heading":0.134632,"v":0.104609,"w":-1.0471}