{"x":1.7712,"y":-2.97302,"heading":1.74907,"v":0.264109,"w":-0.79608}