{"x":0.198399,"y":-0.631697,"heading":-1.03765,"v":-0.291743,"w":-0.121117}