{"x":-0.429662,"y":-0.883306,"heading":4.2061,"v":0.121204,"w":1.25122}