{"x":0.175646,"y":-0.59185,"heading":-1.10095,"v":-0.0705134,"w":-0.359535}