{"x":1.97743,"y":-3.19603,"heading":2.05816,"v":0.0511239,"w":-0.309467}