{"x":0.749768,"y":-1.21713,"heading":5.94364,"v":-0.00586562,"w":0.0305176}