{"x":1.78752,"y":-2.69749,"heading":1.68925,"v":-0.0491804,"w":0.353336}