{"x":1.46815,"y":-3.09253,"heading":0.052909,"v":0.516321,"w":0.74704}