{"x":2.14232,"y":-2.31467,"heading":2.43928,"v":-0.000203139,"w":0.00476837}