{"x":-0.275006,"y":-0.775423,"heading":3.4162,"v":0.245781,"w":0.790596}