{"x":1.90841,"y":-2.6701,"heading":0.430428,"v":0.239278,"w":-0.688672}