{"x":0.247463,"y":-1.02838,"heading":5.93576,"v":0.270814,"w":-0.0944137}