{"x":2.42571,"y":-2.56229,"heading":2.63859,"v":0.270424,"w":0.0596046}