{"x":1.31653,"y":-3.08575,"heading":-0.126846,"v":0.634229,"w":0.485986}