{"x":1.86858,"y":-2.69485,"heading":0.69379,"v":0.18157,"w":-0.99504}