{"x":-0.401591,"y":-0.805849,"heading":5.91769,"v":-0.000181284,"w":-0.00190735}