{"x":1.78818,"y":-3.03284,"heading":1.94687,"v":0.173901,"w":-0.604629}