{"x":2.13182,"y":-2.30615,"heading":2.47381,"v":0.202818,"w":0.113964}