{"x":-0.401593,"y":-0.805849,"heading":5.91772,"v":1.28756e-11,"w":-0.00190735}