{"x":0.183035,"y":-1.00674,"heading":5.99578,"v":0.168072,"w":-0.210762}