{"x":1.7073,"y":-2.00767,"heading":2.49202,"v":0.591894,"w":-0.278473}