{"x":0.551972,"y":-0.303396,"heading":-0.65401,"v":0.0974346,"w":-0.850558}