{"x":2.33393,"y":-2.72705,"heading":-0.155744,"v":0.268419,"w":0.888586}