{"x":0.438303,"y":-1.2159,"heading":2.61567,"v":0.407333,"w":-0.84877}