{"x":-0.29498,"y":-1.37311,"heading":-2.37501,"v":0.599976,"w":0.216007}