{"x":1.81368,"y":-3.13879,"heading":1.37735,"v":6.79391e-06,"w":0.00476837}