{"x":2.14229,"y":-2.31464,"heading":2.4373,"v":-0.00244376,"w":0.0562668}