{"x":2.04852,"y":-2.65252,"heading":-0.159748,"v":0.288829,"w":-0.902146}