{"x":2.46902,"y":-2.7182,"heading":0.352059,"v":0.195967,"w":1.17761}