{"x":0.141436,"y":-0.961041,"heading":-2.25596,"v":0.165522,"w":-0.589371}