{"x":-0.251565,"y":-1.08895,"heading":6.55919,"v":0.248713,"w":0.67997}