{"x":0.222471,"y":-0.774252,"heading":-1.85263,"v":0.613986,"w":-0.159264}