{"x":0.491245,"y":-1.06315,"heading":-0.93761,"v":-1.01234,"w":-0.0480413}