{"x":1.78444,"y":-2.81718,"heading":1.4393,"v":0.445108,"w":0.767946}