{"x":1.86507,"y":-2.8714,"heading":1.39625,"v":-0.692742,"w":-0.113964}