{"x":0.275272,"y":-0.586927,"heading":-1.8346,"v":0.70754,"w":-0.107765}