{"x":0.669047,"y":-1.26154,"heading":-1.25043,"v":0.774468,"w":0.934124}