{"x":0.0821587,"y":-1.02432,"heading":-2.35371,"v":0.442561,"w":-0.224113}