{"x":2.14237,"y":-2.31472,"heading":2.43965,"v":-0.000208535,"w":0.00429153}