{"x":1.79581,"y":-2.74638,"heading":1.76862,"v":-0.51277,"w":0.497818}