{"x":0.238919,"y":-0.606289,"heading":-2.1514,"v":-0.420357,"w":0.885487}