{"x":0.0691266,"y":-0.790866,"heading":-2.66696,"v":0.352489,"w":-1.15633}