{"x":0.428547,"y":-2.90304,"heading":-0.18482,"v":0.921229,"w":-0.0286102}