{"x":2.29372,"y":-2.71857,"heading":-0.235107,"v":0.249305,"w":0.228405}