{"x":0.278929,"y":-1.03991,"heading":5.92847,"v":0.43111,"w":-0.0610352}