{"x":2.46793,"y":-2.58545,"heading":2.64618,"v":0.0879611,"w":-0.0138283}