{"x":1.25014,"y":-3.07563,"heading":-0.173285,"v":0.612892,"w":0.399947}