{"x":-0.26199,"y":-2.72156,"heading":-0.39244,"v":0.80254,"w":0.401616}