{"x":0.170838,"y":-0.00820595,"heading":-0.0896772,"v":0.674019,"w":-0.349551}