{"x":0.181582,"y":-0.612989,"heading":-1.42621,"v":0.0616747,"w":-1.11151}