{"x":0.0274261,"y":-0.987579,"heading":6.39686,"v":0.223618,"w":-0.685692}