{"x":0.591811,"y":-0.398836,"heading":-1.43361,"v":0.134591,"w":-0.441074}