{"x":2.1423,"y":-2.31465,"heading":2.43899,"v":-0.000315795,"w":0.0157356}