{"x":0.546792,"y":-0.299764,"heading":-0.572337,"v":0.075823,"w":-0.883818}