{"x":0.3285,"y":-0.38035,"heading":-1.85022,"v":0.00112821,"w":0.000238419}