{"x":1.97006,"y":-2.65053,"heading":0.132547,"v":0.123947,"w":-0.93317}