{"x":-0.310733,"y":-1.09596,"heading":6.19039,"v":0.13996,"w":1.11771}