{"x":0.600226,"y":-2.93556,"heading":-0.191931,"v":0.840631,"w":-0.147641}