{"x":2.48914,"y":-2.59762,"heading":2.58001,"v":0.0644633,"w":0.303745}