{"x":0.389733,"y":-1.08204,"heading":5.91496,"v":0.792584,"w":0.0114441}