{"x":0.574529,"y":-0.332798,"heading":-1.16321,"v":0.0780839,"w":-1.05214}