{"x":-0.440671,"y":-0.979339,"heading":4.94127,"v":0.128956,"w":0.894546}