{"x":0.179775,"y":-0.599564,"heading":-1.05774,"v":-0.0632776,"w":-0.0228882}