{"x":1.81662,"y":-3.10208,"heading":1.70189,"v":0.0183977,"w":0.911236}