{"x":0.587214,"y":-0.373575,"heading":-1.34619,"v":0.148798,"w":-0.516176}