{"x":2.19872,"y":-2.37729,"heading":2.17067,"v":0.0729145,"w":0.29707}