{"x":1.81404,"y":-3.13693,"heading":1.38103,"v":0.0461156,"w":0.110149}