{"x":0.136403,"y":-0.741937,"heading":-2.30445,"v":0.1802,"w":-1.03521}