{"x":0.588743,"y":-0.380724,"heading":-1.37239,"v":0.159758,"w":-0.502825}