{"x":-0.0779481,"y":-0.839265,"heading":-2.93493,"v":-0.0433034,"w":0.116348}