{"x":2.14896,"y":-2.32046,"heading":2.41072,"v":0.105504,"w":0.275612}