{"x":1.0936,"y":-1.41783,"heading":2.72468,"v":0.142314,"w":0.444412}