{"x":2.05016,"y":-2.24606,"heading":2.5314,"v":0.470684,"w":0.141144}