{"x":1.0519,"y":-0.0815447,"heading":0.182975,"v":0.0378556,"w":0.203282}