{"x":0.249905,"y":-2.86935,"heading":-0.192682,"v":0.788068,"w":0.113189}