{"x":0.181028,"y":-0.649129,"heading":-1.71353,"v":0.166169,"w":-1.1251}