{"x":1.81417,"y":-3.09211,"heading":1.89452,"v":0.0925656,"w":0.831366}