{"x":0.710212,"y":-1.36543,"heading":-0.972066,"v":-0.418954,"w":0.153184}