{"x":2.08532,"y":-2.27111,"heading":2.51301,"v":0.397778,"w":0.18549}