{"x":0.516177,"y":-1.25318,"heading":2.76208,"v":0.441088,"w":-0.638485}