{"x":2.18751,"y":-2.36186,"heading":2.22831,"v":0.0929183,"w":0.337124}