{"x":0.29101,"y":-0.52495,"heading":-1.8255,"v":0.616965,"w":-0.137806}