{"x":-0.401593,"y":-0.805849,"heading":5.91771,"v":1.35484e-11,"w":0.00190735}