{"x":2.50861,"y":-2.68702,"heading":1.50825,"v":0.0311221,"w":0.696659}