{"x":1.78817,"y":-2.80697,"heading":1.18951,"v":0.257838,"w":-0.950336}