{"x":0.726164,"y":-1.38905,"heading":-0.985507,"v":-0.137264,"w":0.230908}