{"x":0.277411,"y":-0.758016,"heading":-0.989816,"v":-0.827753,"w":-0.218034}