{"x":-0.011073,"y":-0.994415,"heading":6.52026,"v":0.188578,"w":-0.617981}