{"x":1.79908,"y":-3.05727,"heading":2.03449,"v":0.00546813,"w":-0.0138283}