{"x":1.88535,"y":-2.75238,"heading":1.40632,"v":-0.486646,"w":-0.0660419}