{"x":-0.0485617,"y":-0.800868,"heading":2.69157,"v":0.234318,"w":0.600815}