{"x":0.54836,"y":-1.15003,"heading":5.95275,"v":-0.712729,"w":0}