{"x":0.583448,"y":-0.35887,"heading":-1.29724,"v":0.227631,"w":-0.612497}