{"x":0.3285,"y":-0.380348,"heading":-1.85023,"v":-6.06311e-07,"w":-0.000476837}