{"x":-0.0482202,"y":-1.00576,"heading":6.64163,"v":0.035354,"w":-0.0038147}