{"x":-0.196333,"y":-2.74745,"heading":-0.359228,"v":0.760252,"w":0.350118}