{"x":1.89521,"y":-2.67666,"heading":0.496714,"v":0.127742,"w":-1.02895}