{"x":2.41046,"y":-2.72977,"heading":0.0875133,"v":0.24127,"w":0.900239}