{"x":-0.342394,"y":-0.828583,"heading":5.91675,"v":-0.865078,"w":-0.0696182}