{"x":1.13633,"y":-1.44076,"heading":2.57375,"v":0.174486,"w":0.63324}