{"x":1.22075,"y":-1.51604,"heading":2.30075,"v":0.367195,"w":0.302315}