{"x":2.50711,"y":-2.69392,"heading":1.05117,"v":0.0186583,"w":0.980854}