{"x":0.204912,"y":-1.01349,"heading":5.97402,"v":0.164486,"w":-0.228882}