{"x":0.559582,"y":-1.26903,"heading":2.81836,"v":0.494664,"w":-0.532627}