{"x":1.47448,"y":-1.80424,"heading":2.35036,"v":0.548643,"w":-0.235081}