{"x":0.216337,"y":-0.63804,"heading":-2.22628,"v":-0.442663,"w":0.875473}