{"x":0.383409,"y":-0.913289,"heading":-0.957468,"v":-1.00655,"w":-0.130057}