{"x":0.197324,"y":-0.85561,"heading":-1.89565,"v":0.30115,"w":-0.274658}