{"x":1.79817,"y":-3.05541,"heading":2.02745,"v":0.0584534,"w":-0.11301}