{"x":2.22609,"y":-2.70006,"heading":-0.292967,"v":0.354322,"w":0.201941}