{"x":2.49378,"y":-2.60064,"heading":2.47834,"v":-0.0190041,"w":0.754356}