{"x":2.14154,"y":-2.31403,"heading":2.445,"v":0.0237814,"w":0.200748}