{"x":-0.443323,"y":-0.964992,"heading":4.84981,"v":0.198388,"w":1.07479}