{"x":0.311749,"y":-0.437809,"heading":-1.86467,"v":-0.307411,"w":0.180483}