{"x":0.357882,"y":-1.08405,"heading":5.94573,"v":-0.760635,"w":-0.0457764}