{"x":2.50826,"y":-2.67186,"heading":1.64511,"v":-0.0013465,"w":0.0603199}