{"x":-0.398217,"y":-1.05451,"heading":5.49364,"v":0.239891,"w":0.965118}