{"x":0.303266,"y":-0.465047,"heading":-1.8824,"v":-0.326775,"w":0.256538}