{"x":2.50838,"y":-2.68937,"heading":1.43156,"v":0.0031084,"w":0.977516}