{"x":-0.0475352,"y":-1.00551,"heading":6.64148,"v":-0.000724002,"w":-0.00762939}