{"x":0.936246,"y":-0.115234,"heading":0.320729,"v":-0.660476,"w":0.223994}