{"x":-0.0278672,"y":-0.811594,"heading":2.63624,"v":0.279815,"w":0.682354}