{"x":1.81413,"y":-3.13646,"heading":1.37915,"v":-0.134731,"w":0.0462532}