{"x":0.530934,"y":-0.292283,"heading":-0.324087,"v":0.0544454,"w":-0.935376}