{"x":-0.434995,"y":-0.894393,"heading":4.31892,"v":0.115654,"w":1.16444}