{"x":-0.365916,"y":-1.44529,"heading":-2.31261,"v":0.503437,"w":0.426292}