{"x":1.12711,"y":-3.05088,"heading":-0.216141,"v":0.862034,"w":0.144392}