{"x":0.606803,"y":-1.28367,"heading":2.86081,"v":0.564185,"w":-0.435829}