{"x":1.92467,"y":-3.09808,"heading":2.04253,"v":-0.816922,"w":0.387192}