{"x":-0.62369,"y":-2.50032,"heading":-0.815659,"v":0.406065,"w":0.88191}