{"x":-0.0150454,"y":-2.8072,"heading":-0.27827,"v":0.550342,"w":0.240862}