{"x":0.328167,"y":-0.381511,"heading":-1.84871,"v":0.00119125,"w":0.0114441}