{"x":-0.320499,"y":-0.792301,"heading":3.57834,"v":0.238058,"w":0.792026}