{"x":1.78775,"y":-2.69956,"heading":1.67477,"v":0.110623,"w":0.0836849}