{"x":2.48174,"y":-2.71301,"heading":0.408789,"v":0.123269,"w":0.0572801}