{"x":-0.716272,"y":-2.20989,"heading":-1.69186,"v":0.436063,"w":0.758409}