{"x":0.0363374,"y":-0.969919,"heading":5.93357,"v":-0.72999,"w":-0.0524521}