{"x":1.79787,"y":-2.78536,"heading":1.10801,"v":0.256652,"w":-0.926495}