{"x":0.574244,"y":-0.254687,"heading":0.390727,"v":-0.836109,"w":-0.00107288}