{"x":-0.171816,"y":-1.25934,"heading":-2.40965,"v":0.584157,"w":0.151634}