{"x":2.1395,"y":-2.31234,"heading":2.45196,"v":0.072747,"w":0.201702}