{"x":-0.401593,"y":-0.805849,"heading":5.91774,"v":1.2118e-11,"w":-0.00286102}