{"x":-0.147395,"y":-1.04621,"heading":6.68504,"v":0.240933,"w":-0.133514}