{"x":1.78238,"y":-3.01684,"heading":1.8914,"v":0.22169,"w":-0.66185}