{"x":-0.0496626,"y":-1.00631,"heading":6.64879,"v":0.00707141,"w":-0.0534058}