{"x":0.863205,"y":-2.99049,"heading":-0.219036,"v":0.901681,"w":-0.126153}