{"x":0.108317,"y":-0.997554,"heading":-2.3345,"v":0.373685,"w":-0.216961}