{"x":-0.385589,"y":-2.66519,"heading":-0.465827,"v":0.72525,"w":0.333905}