{"x":0.602658,"y":-0.735141,"heading":-1.53868,"v":0.738781,"w":0.0722408}