{"x":2.26403,"y":-2.71098,"heading":-0.265828,"v":0.416275,"w":0.33617}