{"x":1.97118,"y":-2.19193,"heading":2.54624,"v":0.553766,"w":0.00667572}