{"x":1.88701,"y":-3.01991,"heading":1.99569,"v":-0.988902,"w":0.589371}