{"x":2.17762,"y":-2.68521,"heading":-0.289621,"v":0.391917,"w":-0.211298}