{"x":-0.271649,"y":-1.09392,"heading":6.48441,"v":0.13295,"w":0.93174}