{"x":-0.118471,"y":-0.774558,"heading":2.8841,"v":0.239842,"w":0.780106}