{"x":1.54701,"y":-1.87434,"heading":2.39715,"v":0.546064,"w":-0.270367}