{"x":1.12281,"y":-1.43261,"heading":2.62327,"v":0.173602,"w":0.549793}