{"x":2.21159,"y":-2.39705,"heading":2.13544,"v":0.0765001,"w":-0.151157}