{"x":2.47399,"y":-2.58872,"heading":2.64229,"v":0.0557542,"w":0.299931}