{"x":2.24686,"y":-2.44374,"heading":2.30885,"v":0.235084,"w":-0.572681}