{"x":0.0648414,"y":-0.00147938,"heading":-0.037762,"v":0.448206,"w":-0.208542}