{"x":0.0345721,"y":-0.806531,"heading":-2.76013,"v":0.452538,"w":-1.02997}