{"x":2.5076,"y":-2.69282,"heading":1.24263,"v":0.0226555,"w":1.13964}