{"x":0.596582,"y":-0.507413,"heading":-1.54389,"v":0.488655,"w":-0.0216961}