{"x":1.68883,"y":-3.0105,"heading":0.746718,"v":0.290527,"w":1.08957}