{"x":1.62471,"y":-3.05539,"heading":0.47633,"v":0.29887,"w":0.951707}