{"x":-0.43909,"y":-0.906438,"heading":4.423,"v":0.142919,"w":1.194}