{"x":0.608761,"y":-0.881919,"heading":-1.51563,"v":0.831141,"w":0.213861}