{"x":2.28768,"y":-2.48121,"heading":2.48993,"v":0.184957,"w":-0.663757}