{"x":-0.647923,"y":-2.47267,"heading":-0.888992,"v":0.3242,"w":0.803828}