{"x":-0.398622,"y":-0.806981,"heading":5.91862,"v":-0.0953344,"w":0.0333786}