{"x":1.78959,"y":-2.71185,"heading":1.7267,"v":-0.312623,"w":0.369549}