{"x":0.319135,"y":-0.41282,"heading":-1.85397,"v":-0.276414,"w":0.0426769}