{"x":1.01043,"y":-1.38884,"heading":2.84493,"v":0.469081,"w":0.222206}