{"x":0,"y":0,"heading":2.17965e-05,"v":0,"w":-0.00276097}