{"x":0.324654,"y":-1.05709,"heading":5.92037,"v":0.629177,"w":-0.0572205}