{"x":0.564668,"y":-0.315909,"heading":-0.905629,"v":0.0750078,"w":-0.974417}