{"x":-0.299723,"y":-0.783542,"heading":3.50008,"v":0.22684,"w":0.780582}