{"x":0.748565,"y":-1.21671,"heading":5.94419,"v":0.102906,"w":0.00286102}