{"x":1.85314,"y":-2.70902,"heading":0.783055,"v":0.258249,"w":-0.91064}