{"x":0.273323,"y":-0.544284,"heading":-2.0047,"v":-0.332754,"w":0.714302}