{"x":1.815,"y":-3.1316,"heading":1.40318,"v":0.107414,"w":0.266075}