{"x":2.50872,"y":-2.68337,"heading":1.57382,"v":0.0565883,"w":0.551701}