{"x":1.18654,"y":-1.48009,"heading":2.38114,"v":0.215287,"w":0.57745}