{"x":1.85321,"y":-2.93689,"heading":1.38714,"v":-0.692895,"w":-0.0824928}