{"x":0.686298,"y":-1.19435,"heading":5.9341,"v":0.527561,"w":0.0600815}