{"x":1.70838,"y":-2.99072,"heading":0.835057,"v":0.301897,"w":0.988364}