{"x":1.83783,"y":-2.7255,"heading":0.861317,"v":0.285852,"w":-0.844121}