{"x":1.2917,"y":-3.08233,"heading":-0.146307,"v":0.635751,"w":0.47496}