{"x":0.953342,"y":-3.01101,"heading":-0.228039,"v":0.974909,"w":-0.0167787}