{"x":0.52647,"y":-0.290983,"heading":-0.241637,"v":0.0531098,"w":-0.906318}