{"x":0.728981,"y":-1.20974,"heading":5.94055,"v":0.319038,"w":0.0152588}