{"x":2.0705,"y":-2.65662,"heading":-0.206802,"v":0.187997,"w":-0.446796}