{"x":0.328173,"y":-0.381491,"heading":-1.84868,"v":0.000173797,"w":0.0181198}