{"x":-0.0279394,"y":-0.998966,"heading":6.57386,"v":0.175889,"w":-0.496864}