{"x":0.0426355,"y":-0.858639,"heading":2.47897,"v":0.356548,"w":0.536442}