{"x":0.162977,"y":-1.00098,"heading":6.01043,"v":0.179059,"w":-0.082016}