{"x":0.658444,"y":-1.29773,"heading":2.88808,"v":0.587584,"w":-0.211239}