{"x":-0.597509,"y":-1.82724,"heading":-1.98014,"v":0.631012,"w":0.218391}