{"x":1.9476,"y":-3.12769,"heading":1.93445,"v":0.476054,"w":-0.435352}