{"x":2.17347,"y":-2.34499,"heading":2.29894,"v":0.135053,"w":0.443935}