{"x":-0.71986,"y":-2.25487,"heading":-1.60585,"v":0.360201,"w":0.770807}