{"x":1.62457,"y":-1.94213,"heading":2.44927,"v":0.583081,"w":-0.23365}