{"x":0.16465,"y":-1.01589,"heading":5.94341,"v":-0.729022,"w":-0.0152588}