{"x":-0.0494589,"y":-0.831597,"heading":-2.82976,"v":-0.242357,"w":0.896454}