{"x":0.229252,"y":-1.03869,"heading":5.94419,"v":-0.765993,"w":-0.0114441}