{"x":-0.202023,"y":-1.07034,"heading":6.70696,"v":0.148252,"w":0.14782}