{"x":-0.187303,"y":-1.06369,"heading":6.70639,"v":0.202521,"w":-0.0762939}