{"x":0.149432,"y":-0.997241,"heading":6.02079,"v":0.144849,"w":-0.272751}