{"x":0.594104,"y":-0.423095,"heading":-1.51747,"v":0.182126,"w":-0.453949}