{"x":1.89104,"y":-2.72589,"heading":1.47704,"v":0.350028,"w":-0.399113}