{"x":0.438196,"y":-0.311018,"heading":0.402528,"v":0.00389124,"w":0.00452995}