{"x":-0.0475203,"y":-1.0055,"heading":6.64142,"v":-0.000114192,"w":0.00190735}