{"x":-0.412977,"y":-0.860168,"heading":3.9869,"v":0.189004,"w":1.09625}