{"x":2.25961,"y":-2.45696,"heading":2.37056,"v":0.189172,"w":-0.563145}