{"x":-0.142409,"y":-0.769261,"heading":2.96139,"v":0.251596,"w":0.787735}