{"x":0.987929,"y":-0.0987208,"heading":0.296009,"v":-0.478961,"w":0.279069}