{"x":-0.401593,"y":-0.805849,"heading":5.91771,"v":1.01703e-11,"w":0.0038147}