{"x":0.361927,"y":-1.16267,"heading":2.46431,"v":0.502163,"w":-0.600338}