{"x":2.02883,"y":-2.65002,"heading":-0.0914524,"v":0.177102,"w":-0.57587}