{"x":-0.168426,"y":-0.765638,"heading":3.0444,"v":0.252227,"w":0.677109}