{"x":0.590513,"y":-0.390335,"heading":-1.40498,"v":0.148257,"w":-0.549316}