{"x":1.43759,"y":-1.76611,"heading":2.32872,"v":0.598191,"w":-0.283241}