{"x":1.58504,"y":-1.90849,"heading":2.42321,"v":0.561019,"w":-0.337124}