{"x":0.163183,"y":-0.697345,"heading":-2.37387,"v":-0.494964,"w":0.850201}