{"x":-0.2718,"y":-0.855453,"heading":5.92185,"v":-0.69533,"w":-0.0686645}