{"x":0.495906,"y":-0.2925,"heading":0.212143,"v":0.139609,"w":-0.682235}