{"x":0.128279,"y":-0.750244,"heading":-2.38983,"v":0.106713,"w":-1.1034}