{"x":2.37227,"y":-2.73056,"heading":-0.0418604,"v":0.156705,"w":0.284463}