{"x":2.14358,"y":-2.31575,"heading":2.43245,"v":0.0802487,"w":0.137806}