{"x":-0.39253,"y":-0.809312,"heading":5.91718,"v":-0.276578,"w":0.0486374}