{"x":-0.659088,"y":-1.98424,"heading":-1.90418,"v":0.551765,"w":0.324964}