{"x":0.16089,"y":-0.934492,"heading":-2.14942,"v":0.155415,"w":-0.528812}