{"x":1.17428,"y":-1.46901,"heading":2.43102,"v":0.182012,"w":0.479221}