{"x":1.57561,"y":-3.07543,"heading":0.294221,"v":0.276334,"w":1.03211}