{"x":-0.326951,"y":-2.6933,"heading":-0.429333,"v":0.756191,"w":0.396252}