{"x":2.32018,"y":-2.5035,"heading":2.58608,"v":0.255096,"w":-0.383377}