{"x":1.91615,"y":-3.03157,"heading":1.83376,"v":0.533334,"w":-0.645637}