{"x":0.863303,"y":-0.14063,"heading":0.347934,"v":-0.786598,"w":0.236094}