{"x":2.31274,"y":-2.72298,"heading":-0.215681,"v":0.211675,"w":0.396311}