{"x":-0.526514,"y":-1.67765,"heading":-2.05657,"v":0.566597,"w":0.372887}