{"x":0.285025,"y":-1.09433,"heading":2.37982,"v":0.578613,"w":-0.299454}