{"x":0.323284,"y":-0.826433,"heading":-0.972143,"v":-0.961626,"w":-0.0933409}