{"x":2.47179,"y":-2.58753,"heading":2.65034,"v":-0.00168187,"w":0.0281334}