{"x":2.95533,"y":-0.261458,"heading":-6.45444,"v":0.959106,"w":0.00476837}