{"x":2.30316,"y":0.462539,"heading":-5.55201,"v":-0.400074,"w":-0.0886917}