{"x":0.74808,"y":0.857463,"heading":-9.69808,"v":-0.596785,"w":-0.156403}