{"x":0.407309,"y":0.197686,"heading":-6.64639,"v":-0.286668,"w":0.992775}