{"x":1.70048,"y":0.0438893,"heading":-7.04854,"v":0.0221445,"w":-0.918388}