{"x":2.11147,"y":-1.05354,"heading":-8.19523,"v":-0.176174,"w":0.570297}