{"x":1.11674,"y":0.322875,"heading":-6.20869,"v":0.938856,"w":-0.853538}