{"x":3.06495,"y":-0.242461,"heading":-7.07458,"v":-0.333915,"w":-1.20926}