{"x":3.58026,"y":-1.19716,"heading":-7.88765,"v":0.833376,"w":-0.153542}