{"x":2.92031,"y":-2.01446,"heading":-9.419,"v":0.959177,"w":-1.39809}