{"x":2.24987,"y":0.414314,"heading":-5.67897,"v":0.179554,"w":-0.710487}