{"x":2.07082,"y":-0.154807,"heading":-5.49711,"v":0.112522,"w":-0.922203}