{"x":2.27724,"y":-0.364348,"heading":-2.37887,"v":0.14399,"w":-1.05953}