{"x":0.00218601,"y":-3.88656e-06,"heading":-0.00298743,"v":0.0967725,"w":-0.0574472}