{"x":2.12724,"y":-0.117222,"heading":-6.37029,"v":-0.0165972,"w":-0.274658}