{"x":1.85865,"y":-0.24063,"heading":-5.19654,"v":-0.16883,"w":0.642776}