{"x":2.11238,"y":-0.853787,"heading":-7.53974,"v":-0.310222,"w":0.875473}