{"x":0.550283,"y":0.08508,"heading":-7.25216,"v":-0.315186,"w":1.00327}