{"x":2.25446,"y":0.419403,"heading":-5.56616,"v":-0.266007,"w":-0.0867844}