{"x":1.43009,"y":0.0831285,"heading":-5.95975,"v":0.295005,"w":-0.966072}