{"x":2.10129,"y":-0.131748,"heading":-5.77659,"v":0.141813,"w":-1.10912}