{"x":3.57426,"y":-0.908142,"heading":-7.76263,"v":0.0888142,"w":-0.0858307}