{"x":0.468872,"y":1.10973,"heading":-10.2462,"v":0.232441,"w":-0.692367}