{"x":2.24038,"y":-1.58738,"heading":-10.5657,"v":5.11583e-31,"w":0}