{"x":1.69295,"y":-0.131953,"heading":-8.59875,"v":0.163711,"w":-0.982284}