{"x":2.23866,"y":0.405899,"heading":-5.59897,"v":-0.0297795,"w":-0.0324249}