{"x":1.37684,"y":0.708715,"heading":-9.10607,"v":0.506204,"w":0.667572}