{"x":2.531,"y":0.683876,"heading":-5.4791,"v":-0.425767,"w":-0.224113}