{"x":1.78601,"y":0.360761,"heading":-5.70315,"v":-0.954542,"w":0.0543594}