{"x":0.888532,"y":0.90495,"heading":-9.91442,"v":0.400518,"w":0.667572}