{"x":1.0778,"y":0.758565,"heading":-9.702,"v":-0.698391,"w":0.307083}