{"x":2.13155,"y":-0.119693,"heading":-6.05079,"v":0.082845,"w":-1.0128}