{"x":1.80534,"y":-0.357679,"heading":-5.11125,"v":-0.229997,"w":0.178337}