{"x":2.14312,"y":0.548108,"heading":-6.68095,"v":-0.135846,"w":0.793457}