{"x":2.28075,"y":-1.65739,"heading":-10.4223,"v":0.991562,"w":-1.13106}