{"x":2.29844,"y":-0.190166,"heading":-1.0149,"v":0.11976,"w":-0.971556}