{"x":3.8584,"y":-1.42029,"heading":-6.63629,"v":0.831114,"w":-0.986099}