{"x":2.55646,"y":0.709639,"heading":-5.42171,"v":0.392866,"w":-0.0963211}