{"x":0.8719,"y":0.820375,"heading":-9.71841,"v":-0.78821,"w":-0.0801086}