{"x":1.88314,"y":-0.220588,"heading":-5.23162,"v":0.127033,"w":-0.0238419}