{"x":1.61644,"y":0.24896,"heading":-5.69721,"v":-0.987368,"w":0.0619888}