{"x":0,"y":0,"heading":-0.000105108,"v":0,"w":0.00559264}