{"x":1.79143,"y":-0.391058,"heading":-5.10742,"v":-0.420559,"w":0.0553131}