{"x":2.95102,"y":-2.01362,"heading":-9.37481,"v":0.971836,"w":-1.35803}