{"x":0,"y":0,"heading":-0.000183862,"v":0,"w":-0.00013315}