{"x":2.17292,"y":-0.116428,"heading":-0.207281,"v":0.000177519,"w":0.00178814}