{"x":2.60024,"y":-0.179976,"heading":-0.125166,"v":0.059281,"w":0.126332}