{"x":3.04897,"y":-1.39812,"heading":-6.22148,"v":0.978805,"w":0.754356}