{"x":1.57753,"y":0.257304,"heading":-6.62317,"v":1.04911,"w":-0.692367}