{"x":2.24929,"y":0.481691,"heading":-6.84012,"v":-0.240412,"w":-0.653267}