{"x":1.42808,"y":0.723887,"heading":-9.22717,"v":-0.159198,"w":0.354767}