{"x":0.669302,"y":0.231983,"heading":-6.06444,"v":0.937666,"w":0.371933}