{"x":1.88026,"y":-0.206062,"heading":-5.36195,"v":-0.0337587,"w":0.541687}