{"x":2.03237,"y":-0.22254,"heading":-4.95064,"v":0.123843,"w":-0.956535}