{"x":2.24135,"y":-0.139893,"heading":-0.462486,"v":0.134972,"w":-1.0553}