{"x":2.14178,"y":-0.118067,"heading":-6.23418,"v":0.0222813,"w":-0.929832}