{"x":1.86992,"y":-0.244162,"heading":-5.21835,"v":0.521098,"w":-0.0972748}