{"x":0.385672,"y":0.204977,"heading":-6.56957,"v":-0.195327,"w":0.789642}