{"x":1.57271,"y":-0.173475,"heading":-9.55196,"v":0.202785,"w":-1.05667}