{"x":1.46776,"y":0.147593,"heading":-5.66143,"v":-0.808495,"w":0.412941}