{"x":0.428168,"y":1.16409,"heading":-10.4607,"v":0.22603,"w":-0.734329}