{"x":0.480474,"y":1.07101,"heading":-10.3822,"v":-0.575512,"w":0.890732}