{"x":2.24962,"y":-1.60512,"heading":-10.4976,"v":0.404767,"w":-0.612259}