{"x":1.95031,"y":-0.099979,"heading":-0.108505,"v":1.01534,"w":-0.0841618}