{"x":1.21586,"y":0.414515,"heading":-10.5576,"v":1.05968,"w":0.0495911}