{"x":1.26544,"y":0.308526,"heading":-10.5567,"v":1.02125,"w":-0.00190735}