{"x":1.02252,"y":0.799954,"heading":-9.61193,"v":0.0530189,"w":0.0228882}