{"x":1.25399,"y":-0.0747107,"heading":-5.14883,"v":-0.156824,"w":0.4282}