{"x":2.28301,"y":-0.8479,"heading":-8.70444,"v":0.924394,"w":0.745773}