{"x":3.62325,"y":-1.10837,"heading":-7.45406,"v":-0.776953,"w":-1.39523}