{"x":1.65786,"y":-0.159126,"heading":-8.92958,"v":0.110833,"w":-1.09291}