{"x":2.22198,"y":-0.125671,"heading":-0.168762,"v":-0.4867,"w":-0.187427}