{"x":2.24429,"y":-1.0425,"heading":-7.14104,"v":0.937089,"w":0.818253}