{"x":2.12435,"y":0.550346,"heading":-6.0258,"v":-0.107959,"w":0.621796}