{"x":0.586824,"y":0.0216175,"heading":-7.8157,"v":0.185054,"w":0.709534}