{"x":0.953389,"y":0.495981,"heading":-8.8231,"v":0.979981,"w":0.585556}