{"x":2.57787,"y":-1.93051,"heading":-9.90403,"v":0.939581,"w":-1.21117}