{"x":0,"y":0,"heading":-0.000170352,"v":0,"w":9.78471e-05}