{"x":0,"y":0,"heading":-0.00015781,"v":0,"w":-0.000362808}