{"x":1.52472,"y":-0.156884,"heading":-10.2286,"v":0.0136663,"w":-0.362396}