{"x":1.29769,"y":0.240327,"heading":-10.55,"v":1.05744,"w":-0.116348}