{"x":0.913225,"y":0.890728,"heading":-9.98986,"v":0.252234,"w":0.902176}