{"x":0,"y":0,"heading":-9.42709e-05,"v":0,"w":0.000964719}