{"x":1.88554,"y":-0.216379,"heading":-5.22683,"v":0.0506808,"w":0.136375}