{"x":2.08422,"y":-0.367027,"heading":-3.78899,"v":0.192749,"w":-0.905991}