{"x":1.99769,"y":0.0653431,"heading":-6.73757,"v":1.02205,"w":0.105858}