{"x":2.17519,"y":-0.116915,"heading":-0.216908,"v":0.0642316,"w":-0.232816}