{"x":1.38323,"y":-0.0465274,"heading":-0.0784088,"v":0.843201,"w":-0.140429}