{"x":2.25532,"y":-0.147693,"heading":-0.549202,"v":0.130525,"w":-1.04833}