{"x":3.57654,"y":-1.28214,"heading":-7.91117,"v":0.830892,"w":-0.406265}