{"x":0.952675,"y":0.86131,"heading":-10.1424,"v":0.257884,"w":0.715256}