{"x":0.615731,"y":0.159185,"heading":-8.30272,"v":0.22199,"w":0.711441}