{"x":1.45789,"y":-0.0639784,"heading":-10.4391,"v":0.671145,"w":-0.471115}