{"x":0,"y":0,"heading":-0.000180961,"v":0,"w":6.65896e-05}