{"x":1.68341,"y":-0.141259,"heading":-8.69957,"v":0.167677,"w":-0.928879}