{"x":2.33054,"y":-0.0844647,"heading":-6.66158,"v":0.966034,"w":0.289917}