{"x":2.30879,"y":-0.318957,"heading":-1.98429,"v":0.123828,"w":-0.946283}