{"x":0.579331,"y":0.0320998,"heading":-7.46523,"v":-0.185374,"w":1.05572}