{"x":2.0283,"y":-0.263079,"heading":-4.67819,"v":0.150487,"w":-0.962257}