{"x":2.24038,"y":-1.58738,"heading":-10.5657,"v":-4.05243e-30,"w":0.00190735}