{"x":2.52116,"y":0.673723,"heading":-5.48416,"v":-0.450517,"w":-0.136375}