{"x":2.96544,"y":-0.259453,"heading":-8.33347,"v":0.694466,"w":-1.44577}