{"x":2.24256,"y":0.409123,"heading":-5.58362,"v":-0.0755212,"w":-0.323296}