{"x":2.17395,"y":-0.116644,"heading":-0.205661,"v":-0.0917915,"w":-0.0752807}