{"x":1.29373,"y":0.321658,"heading":-6.37509,"v":0.96124,"w":-0.936508}