{"x":1.26173,"y":-0.0595203,"heading":-5.21118,"v":0.170293,"w":-0.538826}