{"x":2.02924,"y":-0.275218,"heading":-4.59068,"v":0.185565,"w":-1.06144}