{"x":2.14531,"y":-0.122299,"heading":-0.116375,"v":0.993745,"w":-0.085175}