{"x":2.48367,"y":0.635564,"heading":-5.49195,"v":-0.432245,"w":-0.0362396}