{"x":1.71816,"y":-0.0937434,"heading":-8.27764,"v":0.142617,"w":-1.03378}