{"x":2.42525,"y":-0.736769,"heading":-8.80641,"v":1.04179,"w":0.314712}