{"x":1.38148,"y":0.0717288,"heading":-10.5138,"v":0.971888,"w":-0.274658}