{"x":1.68903,"y":0.0527247,"heading":-6.86707,"v":0.103639,"w":-0.785828}