{"x":2.23683,"y":-0.13315,"heading":-0.119336,"v":0.991749,"w":-0.000372529}