{"x":3.81319,"y":-1.36774,"heading":-7.0227,"v":-0.784149,"w":-1.13296}