{"x":1.6535,"y":0.0720938,"heading":-6.70604,"v":0.106165,"w":-0.358582}