{"x":1.13285,"y":0.588246,"heading":-10.5356,"v":0.982702,"w":0.301361}