{"x":3.11463,"y":-0.283077,"heading":-6.8558,"v":-0.277634,"w":-1.01185}