{"x":0.952153,"y":0.814051,"heading":-9.62996,"v":0.475618,"w":-0.102997}