{"x":2.16113,"y":-0.401388,"heading":-3.2798,"v":0.201628,"w":-0.923634}