{"x":0.413834,"y":0.202501,"heading":-6.35598,"v":0.41895,"w":0.923157}