{"x":0.392727,"y":1.25827,"heading":-10.7884,"v":-0.0254154,"w":0.0972748}