{"x":2.05657,"y":-0.117746,"heading":-6.15711,"v":-0.244456,"w":0.689506}