{"x":1.65917,"y":-0.0706917,"heading":-0.0933715,"v":0.970013,"w":-0.0187606}