{"x":0,"y":0,"heading":-2.07219e-05,"v":0,"w":-0.000800272}