{"x":0.590622,"y":0.079769,"heading":-8.02072,"v":0.222143,"w":0.717163}