{"x":0.740704,"y":-0.0098447,"heading":-0.0318726,"v":0.90721,"w":-0.0854954}