{"x":0.496195,"y":-0.00434246,"heading":-0.0174201,"v":0.861326,"w":-0.0412464}