{"x":0.568516,"y":0.0549539,"heading":-7.36935,"v":-0.341436,"w":0.99659}