{"x":2.12604,"y":-0.991147,"heading":-7.97234,"v":-0.32431,"w":1.04809}