{"x":0,"y":0,"heading":-0.000181711,"v":0,"w":-9.38307e-05}