{"x":0.455458,"y":1.1096,"heading":-10.4605,"v":-0.476965,"w":0.776291}