{"x":2.17754,"y":-0.954995,"heading":-8.54899,"v":0.656416,"w":0.856399}