{"x":2.19252,"y":-0.121274,"heading":-0.277093,"v":0.127248,"w":-0.506222}