{"x":2.87266,"y":-0.391021,"heading":-8.58363,"v":0.974833,"w":-1.18828}