{"x":2.31403,"y":-0.223649,"heading":-1.26404,"v":0.138104,"w":-0.997543}