{"x":1.10212,"y":0.586347,"heading":-8.93705,"v":0.949705,"w":0.638962}