{"x":2.63943,"y":-0.184705,"heading":-0.123289,"v":-0.079094,"w":-0.194326}