{"x":0,"y":0,"heading":-0.000153106,"v":0,"w":0.00622447}