{"x":0.190131,"y":-0.000547352,"heading":-0.0058995,"v":0.62977,"w":0.0328636}