{"x":2.74103,"y":-1.99276,"heading":-9.66897,"v":0.975851,"w":-1.36185}