{"x":2.28531,"y":-0.172492,"heading":-0.841623,"v":0.111552,"w":-1.04523}