{"x":2.05354,"y":-0.175654,"heading":-5.31922,"v":0.133274,"w":-0.946045}