{"x":1.1745,"y":0.502186,"heading":-10.5512,"v":1.07568,"w":0.0743866}