{"x":2.42536,"y":0.577199,"heading":-5.50549,"v":-0.38774,"w":-0.145912}