{"x":2.03591,"y":-0.210343,"heading":-5.03797,"v":0.130583,"w":-0.917435}