{"x":0,"y":0,"heading":-0.000178565,"v":0,"w":0.00249606}