{"x":1.25189,"y":-0.079305,"heading":-5.13756,"v":0.0984566,"w":-0.21553}