{"x":1.47308,"y":0.289587,"heading":-6.5394,"v":0.996435,"w":-0.850677}