{"x":1.95028,"y":-0.106028,"heading":-5.2627,"v":1.10269,"w":-0.242233}