{"x":1.25539,"y":-0.0718138,"heading":-5.16423,"v":0.110347,"w":-0.434875}