{"x":0.586398,"y":0.215446,"heading":-6.11395,"v":0.84713,"w":0.626564}