{"x":3.14888,"y":-1.97477,"heading":-9.08011,"v":0.988473,"w":-1.50299}