{"x":0.393148,"y":1.2563,"heading":-10.784,"v":0.105884,"w":-0.192642}