{"x":0.434064,"y":1.14902,"heading":-10.5352,"v":-0.538567,"w":0.841141}