{"x":0.343062,"y":-0.00198686,"heading":-0.0138267,"v":0.755175,"w":0.0189729}