{"x":1.51661,"y":0.0991076,"heading":-6.24478,"v":0.282666,"w":-1.01948}