{"x":0.969925,"y":0.845154,"heading":-10.2137,"v":0.287701,"w":0.808716}