{"x":2.62919,"y":-0.183476,"heading":-0.118467,"v":0.152135,"w":-0.0413507}