{"x":1.81054,"y":-0.345494,"heading":-5.1194,"v":-0.340476,"w":0.125885}