{"x":2.32353,"y":0.445245,"heading":-6.13458,"v":0.0761452,"w":-1.04713}