{"x":0.515414,"y":0.205536,"heading":-6.18023,"v":0.696823,"w":0.778198}