{"x":2.04638,"y":-0.187014,"heading":-5.22489,"v":0.144299,"w":-1.07574}