{"x":1.05455,"y":0.732908,"heading":-10.4432,"v":0.740059,"w":0.701904}