{"x":2.24038,"y":-1.58738,"heading":-10.5657,"v":1.11849e-22,"w":0}