{"x":0.0151341,"y":-1.30739e-05,"heading":0.00108781,"v":0.258569,"w":0.0846249}