{"x":1.54782,"y":-0.168164,"heading":-9.72112,"v":0.144437,"w":-0.961304}