{"x":0.804947,"y":0.841169,"heading":-9.70837,"v":-0.709256,"w":-0.0953674}