{"x":3.09826,"y":-0.288325,"heading":-6.50773,"v":0.508522,"w":-0.577927}