{"x":2.12575,"y":-1.02726,"heading":-8.37703,"v":0.265928,"w":0.911713}