{"x":0.41564,"y":1.18929,"heading":-10.5974,"v":-0.396751,"w":0.734329}