{"x":2.24663,"y":-0.386421,"heading":-2.64691,"v":0.181368,"w":-0.946999}