{"x":0.75171,"y":0.964682,"heading":-9.7946,"v":0.676779,"w":0.221252}