{"x":2.07261,"y":-0.357055,"heading":-3.87225,"v":0.127259,"w":-0.740051}