{"x":2.13177,"y":0.552142,"heading":-6.30454,"v":-0.052038,"w":0.872612}