{"x":0.692851,"y":0.987112,"heading":-9.78488,"v":0.712437,"w":0.0610352}