{"x":1.47222,"y":-0.0538976,"heading":-0.0860714,"v":0.897905,"w":-0.0746697}