{"x":1.80439,"y":-0.368734,"heading":-5.16809,"v":0.722447,"w":-0.35572}