{"x":2.29585,"y":0.438095,"heading":-5.93932,"v":0.168426,"w":-1.01376}