{"x":2.02992,"y":-0.235081,"heading":-4.85899,"v":0.171279,"w":-1.1158}