{"x":1.56286,"y":-0.0618807,"heading":-0.0893259,"v":0.971639,"w":-0.0874698}