{"x":1.23709,"y":0.369098,"heading":-10.5586,"v":1.02744,"w":-0.0476837}