{"x":1.67193,"y":-0.150345,"heading":-8.80281,"v":0.158475,"w":-0.91362}