{"x":1.84852,"y":-0.26099,"heading":-5.16,"v":-0.343488,"w":0.352859}