{"x":0.506979,"y":0.135515,"heading":-7.03594,"v":-0.339321,"w":1.17683}