{"x":2.24184,"y":0.408427,"heading":-5.62101,"v":0.0956367,"w":-0.324249}