{"x":2.24038,"y":-1.58738,"heading":-10.5657,"v":-9.01759e-37,"w":-0.00190735}