{"x":0,"y":0,"heading":-0.000165448,"v":0,"w":0.00129628}