{"x":2.56552,"y":0.720762,"heading":-5.45112,"v":-0.300604,"w":-0.108719}