{"x":2.12244,"y":-0.12232,"heading":-5.95844,"v":0.109769,"w":-0.948906}