{"x":1.02125,"y":0.783141,"heading":-10.3749,"v":0.57621,"w":0.778198}