{"x":2.99943,"y":-0.144015,"heading":-7.46545,"v":-0.0728639,"w":-0.671387}