{"x":0,"y":0,"heading":-0.000178156,"v":0,"w":0.000201078}