{"x":2.29522,"y":-0.343242,"heading":-2.17576,"v":0.166007,"w":-1.05572}