{"x":2.03424,"y":-0.299014,"heading":-4.41441,"v":0.109557,"w":-0.986099}