{"x":0.900612,"y":0.825032,"heading":-9.63927,"v":0.706785,"w":-0.154495}