{"x":1.97329,"y":-0.140872,"heading":-5.86775,"v":-0.254754,"w":0.809669}