{"x":1.41089,"y":0.104898,"heading":-5.61275,"v":-0.680629,"w":0.599861}