{"x":2.12374,"y":-0.116875,"heading":-6.38548,"v":-0.0387167,"w":-0.0476837}