{"x":3.14945,"y":-0.302638,"heading":-6.63132,"v":0.174946,"w":-0.39959}