{"x":1.41087,"y":0.720907,"heading":-9.28002,"v":-0.26314,"w":0.793457}