{"x":0,"y":0,"heading":-0.000182823,"v":0,"w":0.00376106}