{"x":3.01838,"y":-2.00712,"heading":-9.27989,"v":0.948141,"w":-1.35422}