{"x":0.483487,"y":1.09506,"heading":-10.1764,"v":0.22164,"w":-0.709534}