{"x":2.26168,"y":0.344231,"heading":-5.36575,"v":0.982356,"w":-0.0810623}