{"x":2.1741,"y":-0.402652,"heading":-3.1874,"v":0.166081,"w":-0.989437}