{"x":2.19256,"y":0.521618,"heading":-6.85847,"v":-0.137635,"w":0.417709}