{"x":0.996637,"y":-0.0205965,"heading":-0.052198,"v":0.86639,"w":-0.0911206}