{"x":0.499716,"y":1.08089,"heading":-10.108,"v":0.216266,"w":-0.663757}