{"x":0.76053,"y":0.856931,"heading":-9.65315,"v":0.787567,"w":-0.0629425}