{"x":2.1053,"y":-0.834326,"heading":-7.46775,"v":-0.120113,"w":0.540733}