{"x":2.20341,"y":0.514282,"heading":-6.89699,"v":-0.117907,"w":0.326157}