{"x":1.03199,"y":0.313481,"heading":-6.13706,"v":0.899023,"w":-0.758171}