{"x":2.19083,"y":-0.975833,"heading":-7.21672,"v":0.82269,"w":0.789642}