{"x":0,"y":0,"heading":-0.000137312,"v":0,"w":-0.000902131}