{"x":2.14908,"y":-0.399168,"heading":-3.36677,"v":0.145361,"w":-0.917435}