{"x":0.833184,"y":0.840164,"heading":-9.64946,"v":0.805804,"w":-0.082016}