{"x":0.813495,"y":0.387934,"heading":-8.71237,"v":0.93707,"w":0.600815}