{"x":3.24591,"y":-1.9309,"heading":-8.91911,"v":1.03221,"w":-1.64795}