{"x":0.624916,"y":0.176884,"heading":-8.36859,"v":0.266548,"w":0.867844}