{"x":0,"y":0,"heading":-0.000163662,"v":0,"w":0.000665779}