{"x":2.2628,"y":-0.376267,"heading":-2.51885,"v":0.133499,"w":-0.865459}