{"x":1.63696,"y":-0.168041,"heading":-9.11251,"v":0.124813,"w":-1.12343}