{"x":0,"y":0,"heading":-0.000163832,"v":0,"w":-0.000430737}