{"x":3.22771,"y":-1.37913,"heading":-6.15966,"v":0.949171,"w":-0.0429153}