{"x":3.57918,"y":-0.985565,"heading":-7.80156,"v":0.592002,"w":-0.152588}