{"x":1.82512,"y":0.150525,"heading":-6.73572,"v":0.995464,"w":-0.170708}