{"x":1.76599,"y":-0.452367,"heading":-5.1009,"v":0.00373993,"w":0.087738}