{"x":5.88486e-10,"y":-7.61298e-14,"heading":-0.000128399,"v":5.11154e-07,"w":0.00822035}