{"x":1.40454,"y":0.0732157,"heading":-5.86597,"v":0.305248,"w":-0.921249}