{"x":1.25126,"y":0.338786,"heading":-10.5578,"v":1.06588,"w":-0.0514984}