{"x":2.28746,"y":-0.353366,"heading":-2.2704,"v":0.172679,"w":-1.03664}