{"x":2.06264,"y":-0.347685,"heading":-3.95725,"v":0.133945,"w":-1.01185}