{"x":3.4389,"y":-1.35982,"heading":-6.24707,"v":1.03232,"w":-0.733375}