{"x":1.79941,"y":-0.371845,"heading":-5.10627,"v":-0.312469,"w":0.120163}