{"x":1.72664,"y":-0.0697211,"heading":-8.10317,"v":0.135974,"w":-1.01089}