{"x":0.66354,"y":0.233544,"heading":-8.51476,"v":0.535546,"w":0.694275}