{"x":2.11876,"y":-0.116363,"heading":-6.38142,"v":-0.0342055,"w":0.309944}