{"x":1.24831,"y":-0.0365081,"heading":-0.0712622,"v":0.873009,"w":0.0120848}