{"x":0,"y":0,"heading":-0.000125864,"v":0,"w":0.00130027}