{"x":0,"y":0,"heading":-0.000184223,"v":0,"w":0.00665791}