{"x":0.700246,"y":0.871086,"heading":-9.6576,"v":0.519934,"w":-0.0286102}