{"x":2.33226,"y":0.488879,"heading":-5.54246,"v":-0.363439,"w":-0.102043}