{"x":2.30259,"y":-0.33135,"heading":-2.07635,"v":0.228401,"w":-0.986099}