{"x":3.13377,"y":-0.297487,"heading":-6.57222,"v":0.291586,"w":-0.683784}