{"x":3.90805,"y":-1.43954,"heading":-6.82808,"v":-0.328597,"w":-0.621796}