{"x":0.858845,"y":0.833077,"heading":-9.66299,"v":-0.778284,"w":0.514984}