{"x":0,"y":0,"heading":-0.000177362,"v":0,"w":0.00059788}