{"x":0.588037,"y":0.0605386,"heading":-7.95451,"v":0.194435,"w":0.819206}