{"x":3.47194,"y":-1.35902,"heading":-6.27051,"v":1.00807,"w":-0.748634}