{"x":2.64485,"y":-0.185349,"heading":-0.115654,"v":0.00013445,"w":0.0232607}