{"x":2.18821,"y":-0.402752,"heading":-3.09993,"v":0.129558,"w":-0.932217}