{"x":2.31919,"y":-0.247237,"heading":-1.44539,"v":0.119384,"w":-1.00541}