{"x":2.30795,"y":-1.11056,"heading":-7.06439,"v":1.00752,"w":0.844002}