{"x":2.1651,"y":0.214771,"heading":-5.33756,"v":1.05987,"w":-0.276566}