{"x":3.00222,"y":-0.154012,"heading":-7.80368,"v":-0.042532,"w":-0.995636}