{"x":2.15164,"y":-0.918716,"heading":-7.29151,"v":0.62817,"w":0.763893}