{"x":0,"y":0,"heading":-0.000178557,"v":0,"w":0.000732398}