{"x":0.387657,"y":0.205484,"heading":-6.44364,"v":0.24647,"w":0.613213}