{"x":1.28738,"y":-0.0196708,"heading":-5.35954,"v":0.258692,"w":-0.875473}