{"x":2.27698,"y":0.439219,"heading":-5.55849,"v":-0.351251,"w":-0.0400543}