{"x":2.32016,"y":-0.25968,"heading":-1.53535,"v":0.16088,"w":-1.04451}