{"x":1.01743,"y":0.800883,"heading":-9.60519,"v":-0.256139,"w":-0.0495911}