{"x":2.58862,"y":-0.178489,"heading":-0.128865,"v":0.165125,"w":-0.0625551}