{"x":2.65743,"y":-0.195699,"heading":-6.55767,"v":0.988035,"w":0.32711}