{"x":2.1444,"y":-0.998235,"heading":-8.46478,"v":0.50954,"w":0.879288}