{"x":1.66233,"y":0.0679585,"heading":-6.73666,"v":0.0703139,"w":-0.296593}