{"x":1.43244,"y":0.724703,"heading":-9.19163,"v":0.116943,"w":0.370026}