{"x":0.531181,"y":0.110074,"heading":-7.15209,"v":-0.34128,"w":1.05858}