{"x":0,"y":0,"heading":-0.000125794,"v":0,"w":-0.00209926}