{"x":1.45989,"y":0.0914874,"heading":-6.05693,"v":0.319907,"w":-1.02234}