{"x":1.30869,"y":-0.0408966,"heading":-0.0736801,"v":0.79575,"w":-0.0315756}