{"x":3.92434,"y":-1.449,"heading":-6.7836,"v":-0.0518769,"w":-0.42057}