{"x":1.26381,"y":-0.0552049,"heading":-5.21024,"v":-0.269805,"w":0.720024}