{"x":2.24038,"y":-1.58738,"heading":-10.5657,"v":-3.53122e-25,"w":0.0038147}