{"x":1.83326,"y":-0.293899,"heading":-5.13658,"v":-0.504149,"w":0.210762}