{"x":1.91448,"y":-0.175437,"heading":-5.63735,"v":-0.234586,"w":0.662804}