{"x":0.658344,"y":-0.00752878,"heading":-0.0242617,"v":0.909618,"w":-0.0263154}