{"x":2.54087,"y":0.694199,"heading":-5.47075,"v":-0.39,"w":-0.249863}