{"x":0.990077,"y":0.80629,"heading":-9.62313,"v":0.333456,"w":-0.0858307}