{"x":0,"y":0,"heading":-0.000112117,"v":0,"w":-0.0031618}