{"x":0,"y":0,"heading":-0.00010952,"v":0,"w":-0.0024308}