{"x":2.56104,"y":-0.174844,"heading":-0.13272,"v":0.171263,"w":0.0173449}