{"x":2.13835,"y":-0.118414,"heading":-6.14441,"v":0.0618226,"w":-0.972748}