{"x":0.0890535,"y":4.50915e-05,"heading":-0.00293267,"v":0.470841,"w":-0.0374909}