{"x":2.22328,"y":-0.396557,"heading":-2.82763,"v":0.111971,"w":-1.07098}