{"x":2.0285,"y":-0.248633,"heading":-4.77174,"v":0.137026,"w":-0.930786}