{"x":0.498586,"y":0.143058,"heading":-6.99563,"v":-0.340608,"w":1.13583}