{"x":0.392686,"y":1.25847,"heading":-10.7878,"v":0.00487122,"w":0.0171661}