{"x":0.778017,"y":-0.0110733,"heading":-0.0336811,"v":0.949631,"w":-0.0454113}