{"x":1.0801,"y":-0.0252558,"heading":-0.0593211,"v":0.869353,"w":-0.0866428}