{"x":1.01269,"y":0.801826,"heading":-9.6163,"v":0.141921,"w":-0.146866}