{"x":2.41835,"y":-0.118007,"heading":-6.63513,"v":0.977175,"w":0.322342}