{"x":1.33956,"y":0.154234,"heading":-10.5351,"v":1.02251,"w":-0.19455}