{"x":2.36701,"y":-0.779547,"heading":-8.77437,"v":0.990885,"w":0.534058}