{"x":0.744693,"y":0.867156,"heading":-9.78073,"v":-0.578383,"w":0.753403}