{"x":0.607133,"y":0.139454,"heading":-8.23037,"v":0.223572,"w":0.774383}