{"x":2.0803,"y":-0.146185,"heading":-5.59245,"v":0.142253,"w":-1.04713}