{"x":1.37947,"y":0.0607023,"heading":-5.77037,"v":0.273275,"w":-1.02711}