{"x":2.54094,"y":-0.172146,"heading":-0.13458,"v":0.248986,"w":0.022769}