{"x":2.18209,"y":-0.11852,"heading":-0.239724,"v":0.0920567,"w":-0.436991}