{"x":0.58918,"y":1.02818,"heading":-9.84359,"v":0.465345,"w":-0.638962}