{"x":2.34156,"y":-0.799275,"heading":-8.75663,"v":1.01675,"w":0.56076}