{"x":1.77819,"y":-0.422901,"heading":-5.10592,"v":-0.362396,"w":-0.000953674}