{"x":0.755064,"y":0.334598,"heading":-8.65576,"v":0.768757,"w":0.656128}