{"x":1.25876,"y":0.660642,"heading":-9.00804,"v":0.855406,"w":0.141144}