{"x":2.10919,"y":0.545762,"heading":-5.95571,"v":-0.171802,"w":0.713348}