{"x":2.14028,"y":-0.118048,"heading":-6.30562,"v":-0.0534003,"w":-0.705719}