{"x":0.615221,"y":0.934217,"heading":-10.039,"v":-0.480345,"w":0.97847}