{"x":2.26653,"y":-0.373495,"heading":-2.48538,"v":0.152247,"w":-0.927448}