{"x":0,"y":0,"heading":-0.0001464,"v":0,"w":-0.00639161}