{"x":2.86697,"y":-0.245504,"heading":-6.47464,"v":1.01103,"w":0.28038}