{"x":2.57674,"y":-0.176939,"heading":-0.131453,"v":0.114879,"w":0.0899136}