{"x":2.12559,"y":-0.391494,"heading":-3.54275,"v":0.153184,"w":-1.06287}