{"x":0.48659,"y":0.152904,"heading":-6.94612,"v":-0.344208,"w":1.12247}