{"x":0,"y":0,"heading":-0.000171808,"v":0,"w":0.000267639}