{"x":2.9978,"y":-0.174689,"heading":-8.07587,"v":0.31313,"w":-1.15776}