{"x":0.836125,"y":-0.0131695,"heading":-0.0388081,"v":0.888016,"w":-0.0715405}