{"x":0.805272,"y":0.943274,"heading":-9.81863,"v":0.601488,"w":0.34523}