{"x":1.70448,"y":0.0396182,"heading":-7.14533,"v":0.0743611,"w":-0.967979}