{"x":2.12653,"y":-0.920369,"heading":-7.75096,"v":-0.394517,"w":1.13583}