{"x":2.18512,"y":0.526283,"heading":-6.83039,"v":-0.131037,"w":0.421524}