{"x":0.851883,"y":0.922976,"heading":-9.85678,"v":0.523121,"w":0.514984}