{"x":2.16837,"y":0.535886,"heading":-6.77645,"v":-0.146689,"w":0.404358}