{"x":2.58885,"y":-0.178064,"heading":-0.132101,"v":-0.519449,"w":-0.0265539}