{"x":2.98752,"y":-0.209728,"heading":-8.20292,"v":0.510001,"w":-1.34468}